n,drift,k,nu,all,rates,fx,factors
300,0.75,0.85,5.0,0.9429625309281873,0.964835073480873,0.9340285760908131,0.9348825274405613
300,0.75,0.85,,0.947434746527788,0.9632627664713452,0.9402668168487975,0.9426846304314633
300,0.75,0.92,5.0,0.9487109525617812,0.966039495959877,0.9416614924287687,0.9422651235355849
300,0.75,0.92,,0.959103841577409,0.9691173005358905,0.954876984642751,0.9556182454394337
300,0.75,1.0,5.0,0.9625449468401527,0.9729674985294615,0.9585335097654889,0.9583112565463882
300,1.0,0.85,5.0,0.9732013638726917,0.9880446050348172,0.9676136726396463,0.9669766025674325
300,1.0,0.85,,0.9751947348928183,0.9846310548464946,0.970694447135193,0.9727169670920925
300,1.0,0.92,5.0,0.9755765665376056,0.9864729367554561,0.9712693389958418,0.9713274276076943
450,0.75,0.85,5.0,0.9806727747576173,1.012933377497351,0.9279927777841293,1.0304052524016354
300,0.75,1.0,,0.982510050287831,0.9912358365444083,0.9794751127013367,0.9784608088258063
300,1.0,0.92,,0.9828384656961644,0.9867248749897934,0.9806996632331048,0.9822632784893217
300,1.0,1.0,5.0,0.9852502170912446,0.9893797132023602,0.9837324615327042,0.9834610431828547
450,0.75,0.85,,0.9897592913075055,1.019393737279908,0.9394577206020096,1.0384240853424964
450,0.75,0.92,5.0,0.9901632568664361,1.019049221304801,0.9405771269776425,1.0384651246725611
200,0.75,0.92,5.0,0.9973343725789442,1.0132193141699206,1.0057675620337996,0.968179202079537
200,0.75,0.85,5.0,0.9984531571396873,1.0190553997953704,1.0060242474146015,0.9658937284532066
200,0.75,0.85,,0.9987726596575713,1.0131397729507903,1.0074509021712015,0.9707632975447292
200,0.75,0.92,,1.0021203081355505,1.010997270668063,1.0116808698310473,0.9782618033514898
300,1.0,1.0,,1.0025681527188715,1.0050883621763353,1.001568186946609,1.0015912293673817
200,0.75,1.0,5.0,1.0033552669478316,1.0118757505462146,1.013292547556374,0.9792677654413909
450,0.75,0.92,,1.004378848779176,1.0288646913452508,0.9581582478829169,1.0518586636125302
450,0.75,1.0,5.0,1.0076544341706062,1.0323650363348669,0.9617054054747936,1.0544841197959367
450,1.0,0.85,5.0,1.0119812291159012,1.0490448509773087,0.9498622934499694,1.0716085071597137
200,0.75,1.0,,1.0168259984304744,1.0249862711828392,1.0256163246350833,0.9948911643742184
450,1.0,0.92,5.0,1.0178186290095708,1.0507172964217268,0.959508891103859,1.075694664685421
450,1.0,0.85,,1.0186586957624313,1.0528630371905374,0.9590646242777461,1.0772244772823139
450,0.75,1.0,,1.0293081389001735,1.0501447587352424,0.9862311267596936,1.0755562156790683
450,1.0,0.92,,1.029702405286964,1.0581598315886702,0.9750481718717895,1.086345241937761
300,1.25,0.92,5.0,1.03011092173648,1.0323243587064368,1.0204291865701565,1.0429919998066208
300,1.25,0.85,,1.031876261152727,1.031754078803004,1.0215824160273088,1.0480642762772423
450,1.0,1.0,5.0,1.0324322867197129,1.060406588617183,0.978708931315459,1.0881087982776403
300,1.25,0.85,5.0,1.0329501879891638,1.0379761471558826,1.0213971010657044,1.0459199437064246
300,1.25,0.92,,1.0335402833128755,1.0289854579770052,1.02627569729481,1.0494637863154008
300,1.25,1.0,5.0,1.0344420611462601,1.031396249344753,1.027628283435906,1.0481426414463164
300,1.25,1.0,,1.046802278480535,1.0423874870303849,1.0406744582133096,1.0608107033325125
450,1.0,1.0,,1.0517093061097769,1.0757863342853913,1.0013820722324278,1.1060097205424582
450,1.25,0.85,5.0,1.0633178856070828,1.1043853247572633,0.9864047143263199,1.1420023469054836
200,1.0,1.0,5.0,1.0648511629819306,1.0728670634161415,1.0783653161319617,1.0356894956149423
200,1.0,0.92,5.0,1.0649746158870128,1.0799499798413064,1.0768552212659281,1.0313550895522088
450,1.25,0.92,5.0,1.0654221456747448,1.1019937179978008,0.9929774661184582,1.1416596276775883
200,1.0,0.92,,1.0661596532247237,1.073992712374739,1.0794753016631125,1.0374918768837904
450,1.25,0.85,,1.067648840688191,1.105545016191928,0.993633470450253,1.1450039099802496
200,1.0,0.85,,1.069866916292216,1.0827659129585558,1.082788730135804,1.0367130591422933
200,1.0,0.85,5.0,1.0713926792472837,1.090892094418365,1.0828968370852137,1.033805543501874
200,1.0,1.0,,1.0739231689393476,1.08128358576416,1.0860598241377217,1.0475712644812039
450,1.25,0.92,,1.0739816495092207,1.104483727640786,1.0057938053191255,1.149686902048709
450,1.25,1.0,5.0,1.0754415413397753,1.1061047918543876,1.0087585514379678,1.148635978151224
450,1.25,1.0,,1.090471825822192,1.1161548015216107,1.027932145586544,1.1622145091470601
200,1.25,1.0,5.0,1.1596847665497898,1.1661519232676512,1.1687830916815112,1.1389739960790968
200,1.25,1.0,,1.1648134981859868,1.1711297404224097,1.172814238472736,1.1459676138391006
200,1.25,0.92,,1.1670059776472306,1.1717407029353477,1.1770499238937155,1.1465637568992342
200,1.25,0.92,5.0,1.1674808674348673,1.1795936115271106,1.1751784269767662,1.1432718445328944
200,1.25,0.85,,1.1799812927927138,1.1888492675879374,1.1901297731535452,1.155214307630276
200,1.25,0.85,5.0,1.1821944151641293,1.1981007276937736,1.1900126030710627,1.153977523480897
