train_all,test_all,shock_top33,drift,k,blend
0.9599259691844578,0.9722739540396724,1.0505417452121406,0.25,0.8,1.0083208534121029
0.964484414172638,0.974886773776095,0.983220619144161,0.25,0.9,0.9764531065592638
0.9808915449663872,0.9889668857364899,0.9407990142384809,0.25,1.0,0.9628641147949597
1.0073842156064972,1.011405272711975,0.9167039282489583,0.25,1.1,0.963049336204097
1.0608223779925803,1.0595662684299552,0.9038650719860595,0.25,1.25,0.9820296975986635
0.9395513851426774,0.9471265037413029,1.0760102100606304,0.5,0.8,1.0096745772513103
0.9446436476843072,0.9520496010238724,1.0031261705432237,0.5,0.9,0.9757363974486568
0.9622223221269458,0.9674985066790154,0.9576358409934291,0.5,1.0,0.9612481276982049
0.9900397863677249,0.9921296402305896,0.9322762074217412,0.5,1.1,0.9616804603604492
1.0456799414297357,1.0422678830452645,0.9190204902814023,0.5,1.25,0.9814972012594512
0.9435465905860301,0.947157105187468,1.123609080848944,0.75,0.8,1.0344804643678467
0.9463860796725885,0.949954943627384,1.039618105730651,0.75,0.9,0.9938943086903187
0.9625449468401527,0.9655097088968753,0.9882552214038298,0.75,1.0,0.976141274636172
0.990201719915665,0.9898963341974231,0.9594822691058259,0.75,1.1,0.974765648081185
1.0459255719760359,1.0404932487729919,0.94366624909349,0.75,1.25,0.993437829734002
0.9763408334652698,0.9744980319006658,1.2012800468519023,1.0,0.8,1.0883497397674349
0.9742461538551385,0.9739690456010887,1.104144983376649,1.0,0.9,1.0391262915523813
0.9852502170912446,0.9868253148969776,1.040567513237051,1.0,1.0,1.013302639615581
1.0096743708139826,1.009247736183317,1.0037883998588097,1.0,1.1,1.0066247266787298
1.0633593991476367,1.0588659425455444,0.9830701956127293,1.0,1.25,1.02209143322966
