drift,nu,k,beta,train,test,shock,all
0.9,6,1.05,0.0,0.995951739194287,0.9993193206819647,0.9967310743528528,0.9974973083099002
0.9,12,1.0,0.0,0.9964706008604398,1.002780955305146,1.005071403311289,0.999366770997376
0.9,8,1.05,0.0,0.9970537105146453,0.9992323525384029,0.9932144686844776,0.9980536096524147
0.9,8,1.0,0.0,0.9984703542812028,1.0043090428635089,1.0078080792474524,1.0011500509066642
0.9,12,0.95,0.0,1.001425837045261,1.0136041070019242,1.0199381424865321,1.0070151176596995
0.9,8,1.05,0.15,1.0016221563287009,0.9948684780027198,0.9939457511426372,0.9985225203805826
0.9,8,1.0,0.15,1.0018902254228224,1.002808988710567,1.0044119901590294,1.0023118966332425
0.9,12,0.95,0.15,1.0021309206903821,1.0137228479982257,1.0164158587174044,1.0074510962831609
0.9,6,1.05,0.15,1.0021335087902605,0.9952019848303116,0.9945588891463674,0.9989522496593884
1.0,12,1.0,0.0,1.0025115393688675,1.0042296103127004,1.0084752707220856,1.003300057003537
0.9,6,1.0,0.15,1.0028649199011774,1.0104111337225745,1.0097225494081903,1.0063282941550278
0.9,6,1.0,0.0,1.0030107769281584,1.0106661433079533,1.0141046896250714,1.0065242473188853
0.9,12,1.05,0.0,1.0035719719619889,1.003329921680119,0.9908894595963025,1.0034608817206832
0.9,12,1.0,0.15,1.003585620959271,1.000341633980967,1.003676885033459,1.002096776189378
1.0,6,1.05,0.0,1.0043344657290236,1.0062880616124015,1.0059198394958901,1.0052310787650516
0.9,12,1.05,0.15,1.0043522097147028,0.9974837432316755,0.9950214073897102,1.0011998911422686
1.0,8,1.0,0.0,1.0047249567351388,1.005014579500966,1.011930128032372,1.00485788061647
0.9,8,0.95,0.15,1.005321051650225,1.0180414093797263,1.0220328553371802,1.0111591262798096
0.9,8,0.95,0.0,1.0054230745834525,1.0157281052071756,1.0236127840667648,1.0101526222204598
1.0,8,1.05,0.0,1.008910257771304,1.003365819975607,1.0015698327712446,1.0063656090814879
1.0,8,1.0,0.15,1.0089714361330904,1.0016498588791978,1.008536998597167,1.0056111600053708
1.0,12,1.0,0.15,1.0090260212651354,1.0002011081104052,1.0070792360901988,1.0049757812724793
1.0,6,1.0,0.15,1.009523398027951,1.0121445931624038,1.0168377542931706,1.0107264092277186
1.0,6,1.0,0.0,1.009708403140312,1.013460933907027,1.0211369116549671,1.0114306467384684
1.0,12,0.95,0.0,1.011382564284732,1.01313006778273,1.0283806680834302,1.0121845901438877
0.9,6,0.95,0.0,1.0118216572231553,1.017407471376705,1.0285323766251881,1.014385295808553
1.0,6,1.05,0.15,1.0121688006839784,1.0027050217711424,1.0068656783297911,1.0078253499142813
1.0,12,0.95,0.15,1.0123430567762277,1.0118352749379151,1.024804157893974,1.0121100076489424
0.9,6,0.95,0.15,1.012479166896671,1.0231046545543518,1.0305833533543394,1.0173557899634427
1.0,8,0.95,0.0,1.012665241519071,1.0161062856340424,1.0294356418596038,1.0142445266912408
1.0,8,0.95,0.15,1.0127924051741428,1.0159403460739669,1.0274351139233382,1.0142371690945844
1.0,12,1.05,0.15,1.0139828904470998,1.0022113778331498,1.0024881434602535,1.0085802932399512
1.0,12,1.05,0.0,1.0145351040949775,1.0080775812302687,0.9979170537128382,1.011571390242891
1.0,8,1.05,0.15,1.016180774252496,0.9984043460940766,1.0063661645159359,1.0080221896872512
1.1,12,1.0,0.0,1.0179080143436139,1.0314980600472707,1.033329991325372,1.0241452368120831
1.0,6,0.95,0.0,1.0221907380691804,1.021711439224918,1.0397999130643074,1.0219707613608062
1.0,6,0.95,0.15,1.0224762392609925,1.0259649542361362,1.0415645130655187,1.0240774032234652
1.1,12,0.95,0.0,1.0242710179888714,1.0366781109693137,1.0502705584015883,1.0299653181254176
1.1,12,0.95,0.15,1.025035444670712,1.0351483349222734,1.0472555083523292,1.029676808480197
1.1,6,1.05,0.0,1.0252675952257646,1.037028260709301,1.0376099408645156,1.030665214085746
1.1,8,1.0,0.0,1.025291620594686,1.0315358862372186,1.0424352008256856,1.0281574589306244
1.1,12,1.0,0.15,1.0267182625901836,1.0274202778656965,1.036087100171121,1.0270404561681241
1.1,6,1.0,0.0,1.0273902554294745,1.040111269427806,1.0489517770956793,1.033228631257067
1.1,6,1.0,0.15,1.027722389350628,1.0380173872484881,1.0455746385031914,1.0324473324156909
1.1,8,0.95,0.15,1.0288888711315498,1.037574032796898,1.0525714148662668,1.032874971448109
1.1,8,0.95,0.0,1.0290098967918806,1.038616841276516,1.0543479921990182,1.033419054148635
1.1,8,1.05,0.0,1.0299904794033048,1.035002488727126,1.0325091592193076,1.0322907672646107
1.1,8,1.0,0.15,1.0332868970738562,1.0279175244588916,1.0428891555707034,1.0308225954632568
1.1,6,1.05,0.15,1.0338663857749624,1.0327038500890209,1.0399185654861567,1.0333328339489518
1.1,6,0.95,0.0,1.0339396371995275,1.0454838145707688,1.0615379259045754,1.0392378977094627
1.1,6,0.95,0.15,1.0342789009642501,1.0485776542242493,1.063372803429148,1.0408413884679066
1.1,8,1.05,0.15,1.0347569795065172,1.0300269616193156,1.036672913625351,1.0325861130881373
1.1,12,1.05,0.15,1.0358687491919716,1.0344958258718815,1.0357859654191763,1.0352386388622288
1.1,12,1.05,0.0,1.0392143962254305,1.0404263515660659,1.0323357381893747,1.039770629460125
