date,hawk,dove,unc,words,tone,novelty,d_tone,d_unc,volratio21,UST_10Y_absz21,UST_2Y_chg21,UST_10Y_chg21,UST_2Y_absz21,UST_10Y_absz63,volratio63,UST_2Y_chg63,UST_2Y_absz63,UST_10Y_chg63
2003-01-29,0.0,3.225806451612903,3.225806451612903,124,-3.225806451612903,0.0,,,0.622850748046068,1.0488664196375574,-0.24,-0.34999999999999964,0.665628616610622,0.29413075043625503,0.8313590321076437,-0.26,0.41632593272883256,-0.16999999999999948
2003-03-18,0.0,2.209944751381215,2.7624309392265194,181,-2.209944751381215,0.14875398225131975,1.0158617002316879,-0.46337551238638364,0.99434633354284,0.1639348682702686,-0.050000000000000044,0.04999999999999982,0.15271314663677682,1.2114923561651936,0.9212932916744745,-0.47,0.8287883774036554,-0.6400000000000001
2003-05-06,0.0,2.941176470588235,2.3529411764705883,170,-2.941176470588235,0.2218334028879756,-0.7312317192070199,-0.4094897627559311,0.9275692785477985,1.6318656175245276,-0.19999999999999996,-0.5,0.6234374189544234,1.1871191474844416,1.2178945887858939,0.42999999999999994,0.7738747875608769,0.6299999999999999
2003-06-25,1.0204081632653061,4.081632653061225,1.0204081632653061,196,-3.0612244897959187,0.19726650285281055,-0.1200480192076836,-1.3325330132052822,0.9388905738250708,2.7364308782054336,0.21999999999999997,0.8399999999999999,0.7013969420706588,1.4670305967113753,1.338421447235727,0.3599999999999999,0.6626482581489956,0.7800000000000002
2003-08-12,1.1904761904761905,4.166666666666666,1.7857142857142856,168,-2.9761904761904754,0.1074970002378004,0.08503401360544327,0.7653061224489794,1.2655119462324405,0.06123543910912132,0.0,-0.020000000000000462,0.0,0.1237400403875841,1.0548998312509181,0.33999999999999986,0.6187369311999638,0.07000000000000028
2003-10-28,1.2048192771084338,4.216867469879518,1.8072289156626504,166,-3.0120481927710845,0.013802327701645578,-0.0358577165806091,0.02151462994836484,0.8430456302817476,0.3346895545283041,0.3500000000000001,0.10999999999999943,1.1565108198936533,0.12296652098301077,0.8699887308799871,0.13000000000000012,0.24800725232634588,-0.07000000000000028
2003-12-09,0.6451612903225806,5.161290322580645,1.2903225806451613,155,-4.516129032258064,0.06945992102574083,-1.5040808394869796,-0.5169063350174892,1.0258595332366027,0.6458977414838571,-0.29000000000000004,-0.20999999999999996,0.9506050329472809,1.029939791669106,0.8514727870056978,-0.44999999999999996,0.8516359732734707,-0.5800000000000001
2004-01-28,0.628930817610063,6.289308176100629,1.257861635220126,159,-5.660377358490567,0.03478032792813901,-1.1442483262325025,-0.032460945425035304,0.6401742621989293,0.7299666328913329,-0.2100000000000002,-0.22999999999999954,0.7064714600665858,0.5130652215643128,0.913291415016954,0.4299999999999997,0.8351859032715199,0.28000000000000025
2004-03-16,1.2658227848101267,5.69620253164557,0.6329113924050633,158,-4.4303797468354436,0.03435934549215469,1.229997611655123,-0.6249502428150626,1.0449793860812133,2.3783688174525213,0.5900000000000001,0.7199999999999998,2.055011559761789,1.9834416000943924,1.2422447136388501,1.3299999999999998,2.6745657028773344,1.04
2004-05-04,0.9615384615384616,3.3653846153846154,0.9615384615384616,208,-2.4038461538461537,0.1656230596610746,2.02653359298929,0.32862706913339823,1.2256149500619962,0.4875067536050146,0.31000000000000005,0.15000000000000036,1.0521037140207457,0.20640558064544995,1.1356284376715269,0.3400000000000003,0.6662161395219233,-0.10999999999999943
2004-06-30,2.2598870056497176,3.954802259887006,0.5649717514124294,177,-1.6949152542372885,0.13915266031368323,0.7089308996088652,-0.3965667101260322,0.7285879836225806,0.38662324923358543,-0.020000000000000018,-0.1200000000000001,0.06502297333535102,0.9672738270865728,0.7858838150564739,-0.0900000000000003,0.16893464021403687,-0.5200000000000005
2004-11-10,1.25,3.75,0.625,160,-2.5,0.05023486529599541,-0.8050847457627115,0.06002824858757061,0.8222548604081481,0.3221020366808264,0.16000000000000014,-0.08999999999999986,0.5436931775219391,0.3099428293070042,0.7343622444556135,0.52,1.0201795577962762,-0.15000000000000036
2004-12-14,1.2269938650306749,3.6809815950920246,0.6134969325153374,163,-2.4539877300613497,0.008517619031492507,0.04601226993865026,-0.011503067484662566,0.6717074708589831,0.22291755200690677,0.21999999999999975,0.0600000000000005,0.766510654960158,0.8151095548357664,0.6974799586741037,0.73,1.4684452139723352,0.3799999999999999
2005-02-02,1.2345679012345678,3.7037037037037033,0.6172839506172839,162,-2.469135802469135,0.0028703568462868922,-0.015148072407785484,0.003787018101946482,0.9800383441440245,0.6710145617566686,0.25,0.16999999999999993,0.9283792220721696,0.11394424642952063,1.1081614814540717,0.31000000000000005,0.664639992279044,0.04999999999999982
2006-05-10,2.586206896551724,1.7241379310344827,0.8620689655172413,232,0.8620689655172415,0.2315394416430886,3.3312047679863768,0.2447850148999574,1.0458062164270088,0.7433728418225601,0.0,-0.14999999999999947,0.0,0.600861114468319,1.0874231837546062,-0.09999999999999964,0.3062360428694577,-0.20999999999999996
2006-06-29,3.061224489795918,1.530612244897959,2.0408163265306123,196,1.530612244897959,0.07473694618271609,0.6685432793807176,1.178747361013371,1.1551628731884587,1.1785122850794953,-0.2400000000000002,-0.22999999999999954,1.2823141304979002,1.745410813782687,1.0432759076477938,-0.5300000000000002,1.6349272352798765,-0.5899999999999999
2006-08-08,3.0864197530864197,1.2345679012345678,3.0864197530864197,162,1.8518518518518519,0.0716662066440048,0.32123960695389275,1.0456034265558074,0.7721751771090942,0.6710889669117484,-0.08999999999999986,-0.1299999999999999,0.49392929325774615,0.8047108987546543,1.058604297837687,-0.14000000000000057,0.443598105102449,-0.2699999999999996
2007-06-28,0.7092198581560284,0.7092198581560284,2.8368794326241136,141,0.0,0.2375170236139964,-1.8518518518518519,-0.24954032046230612,1.7399072336124735,1.718355474759079,-0.3700000000000001,-0.2999999999999998,1.8969452683912298,1.7857673926481197,2.0481565346825406,-1.0099999999999998,2.9896050809651333,-0.54
2007-08-07,1.7543859649122806,2.3391812865497075,3.508771929824561,171,-0.5847953216374269,0.07348832986398679,-0.5847953216374269,0.6718924972004476,1.7909837575149443,1.4141973301642683,-0.47999999999999954,-0.2599999999999998,2.2890274310329257,1.2247308138863855,1.5731971953985608,-0.8599999999999994,2.3678139979183244,-0.3899999999999997
2007-08-10,0.0,1.0101010101010102,0.0,99,-1.0101010101010102,0.4092856752544929,-0.4253056884635833,-3.508771929824561,1.6386157355162643,2.4059865762532606,-0.5199999999999996,-0.4399999999999995,2.455694558288392,1.8310824057512236,1.3934546449536755,-1.0499999999999998,2.8628571345943614,-0.5799999999999992
2007-08-17,0.0,3.076923076923077,4.615384615384616,130,-3.076923076923077,0.4072844834969631,-2.066822066822067,4.615384615384616,1.342582430052392,0.9662533774240024,-0.17999999999999972,-0.17999999999999972,0.8138941508108072,1.8905480834016177,1.2930841933612172,-0.9999999999999996,2.610566705902677,-0.6099999999999994
2008-06-25,1.5384615384615385,3.076923076923077,2.051282051282051,195,-1.5384615384615385,0.30033496028913764,1.5384615384615385,-2.5641025641025648,0.9175506670687631,0.032236423690799584,-0.11999999999999966,0.009999999999999787,0.3009249794795864,0.5955746526590202,1.1074806884924941,-0.79,1.143782526230447,-0.3200000000000003
2008-08-05,1.6042780748663104,2.6737967914438503,2.6737967914438503,187,-1.06951871657754,0.042121002855126766,0.4689428218839986,0.6225147401617992,0.6743266086280589,1.2538856717530122,-0.33999999999999986,-0.3999999999999999,0.8240703104746421,0.4162604573187795,1.3218050946838633,-1.1500000000000001,1.6092464644743243,-0.22999999999999998
2008-12-16,0.0,2.9315960912052117,1.3029315960912053,307,-2.9315960912052117,0.18678302450564,-1.8620773746276718,-1.370865195352645,0.5054143103937123,0.025560043691284458,0.07999999999999996,-0.010000000000000231,0.16646921731717518,0.3541703545358717,0.5231768022442663,0.21999999999999997,0.2643053804321079,0.23999999999999977
2009-01-28,0.23696682464454977,2.6066350710900474,0.9478672985781991,422,-2.3696682464454977,0.05804154130992811,0.561927844759714,-0.3550642975130063,0.8917189962373181,0.7675581835687357,0.10999999999999999,0.31000000000000005,0.23173089761772642,0.5861015122576291,0.8509912326818795,0.04999999999999993,0.060813589145067175,0.41000000000000014
2010-08-10,0.0,3.2679738562091507,0.9803921568627451,306,-3.2679738562091507,0.1274650956418456,-0.898305609763653,0.03252485828454599,0.8345764392544877,0.06757044612978838,0.04999999999999993,-0.020000000000000018,0.23382832465685616,0.13654135341803708,0.7931326002801314,-0.06,0.16200101542175432,-0.06999999999999984
2011-06-22,0.23752969121140144,2.137767220902613,0.4750593824228029,421,-1.9002375296912115,0.13120864579182467,1.3677363265179392,-0.5053327744399422,1.4579870175842888,0.0679797325426932,0.010000000000000009,-0.019999999999999574,0.06046377527687283,2.217518603887438,1.126408231664196,-0.18000000000000002,0.6283579847818237,-1.13
2012-06-20,0.6928406466512702,2.5404157043879905,0.9237875288683602,433,-1.8475750577367203,0.09107297879020693,0.05266247195449125,0.44872814644555736,0.8721255681579084,0.5672295277548772,-0.1,-0.15999999999999992,1.0114933114307039,0.28655385547388523,1.1390239015290418,-0.04999999999999999,0.29199296781901135,0.14000000000000012
2012-10-24,0.6396588486140725,2.1321961620469083,0.8528784648187633,469,-1.4925373134328357,0.08001323447285358,0.3550377443038846,-0.07090906404959696,0.808332768850253,0.6284470397825607,-0.019999999999999962,-0.16000000000000014,0.27096823230960004,0.5215739721604584,0.8453901778869706,0.010000000000000009,0.07822179093289253,0.22999999999999976
2013-01-30,0.8650519031141869,2.422145328719723,0.8650519031141869,578,-1.5570934256055362,0.05009319066184892,-0.06455611217270052,0.012173438295423611,1.0195704043977585,0.8154553447033127,-0.020000000000000018,-0.1699999999999997,0.2818365890657261,1.0246896719254917,0.8982413967512333,-0.07,0.5695145069760396,-0.3699999999999999
2013-03-20,0.8695652173913043,2.2608695652173916,0.5217391304347827,575,-1.3913043478260874,0.009641244971216323,0.16578907777944885,-0.3433127726794042,0.8314695220487555,1.1531682370653848,-0.020000000000000018,-0.22999999999999998,0.28792450411360515,1.0710405959718772,1.0343527845468463,0.04999999999999999,0.4155832248906981,0.3700000000000001
2013-05-01,0.9983361064891847,2.4958402662229617,0.6655574043261231,601,-1.497504159733777,0.005894394209914999,-0.10619981190768968,0.1438182738913404,1.2138851909408217,2.611094382813728,0.09999999999999998,0.5000000000000002,1.4483630075779201,2.834130164218407,1.5326002934767644,0.10999999999999999,0.919834049540349,0.9400000000000002
2013-10-30,0.8344923504867872,1.808066759388039,0.6954102920723227,719,-0.9735744089012519,0.01933618456370323,0.5239297508325251,0.029852887746199652,0.7508042153064991,1.2303096882352997,-0.030000000000000027,0.26000000000000023,0.35170496789695577,0.1639199145436742,0.8396800475993293,-0.030000000000000027,0.2030569578906361,0.06000000000000005
2013-12-18,1.0,2.125,0.75,800,-1.125,0.015464147892288227,-0.1514255910987481,0.054589707927677256,1.2065175190644857,0.1873410376460876,0.08000000000000002,-0.040000000000000036,0.9476341076683521,0.3785648948033137,1.4679619594485813,0.13,0.8890648116278399,-0.14000000000000012
2014-04-30,0.628140703517588,1.7587939698492463,0.8793969849246231,796,-1.1306532663316582,0.012300308399234683,-0.005653266331658191,0.12939698492462315,0.5375436870238918,0.8698280271331721,-0.04999999999999999,-0.18999999999999995,0.5361163476374492,0.2643133924284308,0.78463197748595,0.14000000000000007,0.8666753693512332,-0.10000000000000009
2014-09-17,0.38961038961038963,1.8181818181818181,0.6493506493506493,770,-1.4285714285714284,0.009424087248621205,-0.2979181622397702,-0.2300463355739738,1.370988620811943,2.0409537702117038,-0.19999999999999996,-0.3999999999999999,2.0690310139925496,1.1783452086353086,1.4575306259224177,0.08000000000000007,0.4778222451561136,-0.3999999999999999
2014-10-29,0.48543689320388345,2.5889967637540456,0.3236245954692557,618,-2.1035598705501624,0.04112087635381367,-0.674988441978734,-0.32572605388139364,0.8843936879697449,0.6369478798143281,0.010000000000000009,-0.11999999999999966,0.0987014574013567,2.022581164288106,1.2644053462325704,0.010000000000000009,0.05698531300008167,-0.6599999999999999
2014-12-17,0.34423407917383825,2.753872633390706,0.34423407917383825,581,-2.4096385542168677,0.013222570502870012,-0.3060786836667053,0.020609483704582543,1.0125637606544997,1.7649733468071058,-0.08999999999999997,-0.32000000000000006,0.8575672615114479,0.6687238929601111,1.2809249457691596,-0.020000000000000018,0.11002593095152116,-0.2100000000000002
2015-01-28,0.5494505494505495,3.296703296703297,0.3663003663003663,546,-2.7472527472527473,0.013239045601847188,-0.3376141930358796,0.022066287126528028,1.4562198915773517,1.4648302569108729,0.13,0.27,1.1907994213687976,0.845720143144601,1.1968044327049754,0.06000000000000005,0.3173115537591352,0.27
2015-03-18,0.8944543828264758,2.6833631484794274,0.35778175313059035,559,-1.7889087656529514,0.025500889982419728,0.9583439815997958,-0.008518613169775924,0.706191353217369,0.15114710588681804,-0.06999999999999995,-0.030000000000000027,0.5480064528257552,1.1344426895228332,0.7129773618237948,0.14,0.632783346113204,0.3899999999999999
2015-04-29,0.5597014925373134,2.6119402985074625,0.3731343283582089,536,-2.0522388059701493,0.021736367035007143,-0.26333004031719787,0.01535257522761857,0.6620596263729011,0.3016550040083206,0.04999999999999993,0.06000000000000005,0.3901113417930403,0.6676156247719718,0.8016433311575998,0.1399999999999999,0.6306464869547865,0.22999999999999998
2015-06-17,0.3838771593090211,2.111324376199616,0.3838771593090211,521,-1.727447216890595,0.012902656369013665,0.3247915890795543,0.010742830950812188,1.460913601143299,0.09539829041674286,0.010000000000000009,0.020000000000000018,0.07705916501398213,0.05507822865233658,1.4031722617099995,0.1499999999999999,0.6673519449652546,-0.020000000000000018
2015-07-29,0.5825242718446602,2.1359223300970873,0.3883495145631068,515,-1.5533980582524272,0.006196936996989311,0.17404915863816783,0.00447235525408568,1.2416815308426425,0.4929793143163335,-0.019999999999999907,-0.10999999999999988,0.14676184807492723,0.491619368789418,1.226524142524799,0.030000000000000027,0.12709948873923999,-0.18999999999999995
2015-09-17,0.5555555555555556,2.2222222222222223,0.7407407407407408,540,-1.6666666666666667,0.008771897931074468,-0.11326860841423958,0.352391226177634,0.8378961251977064,0.7350561651630078,-0.08999999999999997,-0.16999999999999993,0.6064493140634032,0.04992763233251259,0.873418771740069,0.27,1.0504010241731097,-0.020000000000000018
2015-10-28,0.7532956685499058,2.2598870056497176,0.3766478342749529,531,-1.5065913370998119,0.007843224743326216,0.16007532956685488,-0.3640929064657879,0.5774448392589234,0.4698449132888142,0.20999999999999996,0.10999999999999988,1.3814472700329266,0.3205860121037054,0.8055194378891622,0.08000000000000007,0.3038396012284894,-0.13000000000000012
2015-12-16,0.528169014084507,2.112676056338028,0.35211267605633806,568,-1.584507042253521,0.04584049975642601,-0.07791570515370916,-0.02453515821861485,0.8630643944348089,0.99726124017745,-0.14,-0.23999999999999977,0.9054057732352555,1.0075958295704546,1.1985338499350224,-0.18000000000000005,0.6720894860184207,-0.41999999999999993
2016-01-27,0.3731343283582089,2.6119402985074625,0.3731343283582089,536,-2.2388059701492535,0.01975456469260306,-0.6542989278957325,0.021021652301870863,1.5528843615936436,1.0785941765884344,-0.039999999999999925,-0.26,0.2596983478440019,0.3592653681921317,1.2977615529784363,-0.010000000000000009,0.037484227758958995,-0.1499999999999999
2016-04-27,0.5671077504725899,2.0793950850661624,0.1890359168241966,529,-1.5122873345935726,0.011620627533685535,0.726518635555681,-0.18409841153401232,0.8084070480852539,0.1710459683315059,0.040000000000000036,-0.040000000000000036,0.25423836253364973,0.8640925637749568,0.908612164579297,-0.09999999999999998,0.36696146761783044,-0.3500000000000001
2016-06-15,0.19305019305019305,2.5096525096525095,0.19305019305019305,518,-2.3166023166023164,0.009554722287706263,-0.8043149820087439,0.004014276225996455,1.2026019920190205,0.0,0.020000000000000018,0.0,0.1297124725982069,0.2578452891316328,1.0382762757122634,0.08000000000000007,0.2995581238873068,0.09999999999999987
2016-09-21,0.5415162454873645,2.166064981949458,0.36101083032490977,554,-1.6245487364620936,0.010041895175615045,0.6920535801402228,0.16796063727471672,0.736973901988995,0.38481063667773757,0.04999999999999993,0.08000000000000007,0.3153368008432012,2.4716470869862666,0.895468614882594,0.42999999999999994,1.5657141669290733,0.8899999999999999
2017-03-15,0.6276150627615062,1.6736401673640167,0.41841004184100417,478,-1.0460251046025104,0.038204234896828004,0.5785236318595832,0.057399211516094395,0.7313278204679419,1.3297429636770508,-0.1200000000000001,-0.2699999999999996,0.7753427120750753,1.023636610709276,0.7099782142364831,0.020000000000000018,0.07460738725512654,-0.3599999999999999
2017-06-14,0.5882352941176471,1.9607843137254901,0.39215686274509803,510,-1.3725490196078431,0.03006288834412907,-0.32652391500533273,-0.026253179095906132,0.9361915231203294,0.9306364708619036,0.0,0.18000000000000016,0.0,0.1492508936027238,0.8606657153437635,0.0,0.0,0.050000000000000266
2017-07-26,0.4132231404958678,1.859504132231405,0.4132231404958678,484,-1.4462809917355373,0.008041892231120173,-0.07373197212769411,0.021066277750769746,0.798712922705313,0.5234298698731755,-0.030000000000000027,-0.10000000000000009,0.21729127080497007,0.4533035644097523,0.989353486041002,0.25,1.0454431140983769,0.1499999999999999
2017-12-13,1.3636363636363635,2.0454545454545454,0.6818181818181818,440,-0.6818181818181819,0.032587654515063846,0.7644628099173554,0.268595041322314,0.7831316920606191,1.035441490881462,0.23999999999999977,0.18000000000000016,1.9994957314703883,1.6273782639464132,1.1812118485426935,0.52,2.501220364083864,0.4900000000000002
2018-03-21,1.4150943396226416,1.650943396226415,0.4716981132075472,424,-0.23584905660377342,0.017123973964321415,0.44596912521440846,-0.2101200686106346,1.0165543603639955,0.4368187722760785,0.1499999999999999,0.06999999999999984,1.2898127017357943,0.14411282043467233,1.3388205066799383,0.25,1.241122850918933,0.040000000000000036
2018-06-13,2.380952380952381,1.7006802721088436,0.6802721088435374,294,0.6802721088435373,0.05036377612425147,0.9161211654473107,0.20857399563599022,0.6526219550567586,0.9433651517407148,0.0,-0.1499999999999999,0.0,0.03631014162010683,0.6710589387165936,0.15000000000000036,0.7216941221725224,-0.009999999999999787
2018-09-26,2.2900763358778624,0.7633587786259541,0.7633587786259541,262,1.5267175572519083,0.017676729083475395,0.846445448408371,0.08308666978241674,1.0771149949559118,0.13065622929484272,-0.020000000000000018,0.020000000000000018,0.16778812513773547,1.395536569361559,1.3512546238777923,-0.3500000000000001,1.695269086264147,-0.3700000000000001
2018-11-08,2.181818181818182,1.090909090909091,0.7272727272727273,275,1.090909090909091,0.01233740377723036,-0.4358084663428172,-0.036086051353226845,1.171883749090965,2.1102303685406962,-0.20999999999999996,-0.33000000000000007,1.7160351524341593,1.956731205467939,1.5795095867562279,-0.4500000000000002,2.1230429082786917,-0.5300000000000002
2018-12-19,2.341137123745819,0.6688963210702341,0.6688963210702341,299,1.672240802675585,0.012620128786422047,0.581331711766494,-0.05837640620249318,1.87122765803686,0.193508294069432,-0.04999999999999982,-0.029999999999999805,0.3950606501120379,1.2289427223855383,1.455899636267968,-0.31999999999999984,1.4597655852058518,-0.33000000000000007
2019-01-30,2.341137123745819,1.6722408026755853,0.6688963210702341,299,0.6688963210702339,0.03989488100678784,-1.0033444816053512,0.0,0.879689497138581,0.37307891836319973,0.029999999999999805,0.05999999999999961,0.2166345401580783,0.6461916418379081,0.8492880555490734,-0.20999999999999996,0.8755180705322665,-0.18000000000000016
2019-05-01,2.0618556701030926,2.0618556701030926,0.6872852233676976,291,0.0,0.02718433468490522,-0.6688963210702339,0.018388902297463483,1.4916403309416462,2.3518106790284814,-0.3600000000000001,-0.3799999999999999,2.497839921891867,1.7866033271317507,1.5499253162586573,-0.42000000000000015,1.6824833098463403,-0.5
2019-06-19,1.6216216216216217,1.891891891891892,1.0810810810810811,370,-0.2702702702702704,0.0478096209902209,-0.2702702702702704,0.39379585771338355,1.0802786733396328,0.1224273984975289,0.06000000000000005,0.020000000000000018,0.37221824719104996,0.8128601520054382,1.2692344381296357,0.030000000000000027,0.10745015260652167,-0.22999999999999976
2019-07-31,1.4388489208633095,1.1990407673860912,0.7194244604316548,417,0.2398081534772183,0.02678568903486933,0.5100784237474887,-0.3616566206494264,1.3628825772178708,3.137352809155488,-0.3599999999999999,-0.52,2.1327898641057343,0.8360083794963459,1.1779033755868953,-0.2799999999999998,0.9577297350182726,-0.24
2019-09-18,1.7500000000000002,1.5,0.75,400,0.2500000000000002,0.018656578223738562,0.010191846522781933,0.030575539568345245,1.0044863032886524,0.22541669039249332,-0.18999999999999995,-0.040000000000000036,1.0410332096420565,0.3904331606338209,0.79709061014449,-0.1499999999999999,0.47450589775435353,0.11999999999999988
2019-10-30,1.6528925619834711,1.3774104683195594,0.8264462809917356,363,0.27548209366391174,0.010041589828432507,0.02548209366391152,0.07644628099173556,0.7103218211965688,0.27330427364163384,0.0,0.050000000000000044,0.0,0.7574030205968267,0.6283036445606707,-0.25,0.7518592604826975,-0.24
2020-01-29,1.529051987767584,1.2232415902140672,0.6116207951070336,327,0.3058103975535169,0.0301719473172104,0.030328303889605168,-0.21482548588470196,1.933308335950028,2.4376707476166297,-0.5599999999999999,-0.4700000000000002,2.8625742834202925,2.9046131201322827,1.784538033951806,-1.22,3.6005425006995844,-0.9700000000000001
2020-03-03,0.6993006993006993,2.797202797202797,1.3986013986013985,143,-2.097902097902098,0.2029661631060985,-2.403712495455615,0.7869806034943649,1.6329437217103038,1.9774280846322259,-0.48,-0.4,2.2738765667236227,0.9704183414207102,1.0096666758480122,-0.5399999999999999,1.4769261538895986,-0.33999999999999997
2020-03-23,0.0,1.5974440894568689,0.1597444089456869,626,-1.5974440894568689,0.25637173229994337,0.500458008445229,-1.2388569896557116,0.5675940396504772,0.5157144775007321,-0.060000000000000026,-0.13,0.2738525778891669,0.11451842015770577,0.401090575594303,-0.09000000000000002,0.2371632893438751,-0.050000000000000044
2020-09-16,0.5328596802841918,1.9538188277087036,0.5328596802841918,563,-1.4209591474245118,0.19717886828159203,0.1764849420323571,0.373115271338505,1.3888702768121695,0.2714195014150852,0.0,0.07000000000000006,0.0,0.5596575793046903,1.3535080405735682,-0.010000000000000009,0.029809231372286464,0.25
2021-06-16,0.8163265306122449,2.2448979591836733,0.8163265306122449,490,-1.4285714285714284,0.039026398539532825,-0.0076122811469165885,0.2834668503280531,1.6166486375046478,1.4862967043172304,0.04000000000000001,-0.26,0.5966733901726365,0.8581138023332064,1.3180309645931432,0.0,0.0,-0.26
2021-11-03,0.7936507936507936,2.2222222222222223,0.7936507936507936,630,-1.4285714285714288,0.028860179080128057,-4.440892098500626e-16,-0.02267573696145131,3.0557437212676306,0.9544514213626021,0.18000000000000005,-0.17000000000000015,2.455063526322396,1.069690700395289,2.5150448177331493,0.8400000000000001,6.614680743066045,0.32999999999999985
2021-12-15,0.7434944237918215,2.2304832713754648,0.929368029739777,538,-1.4869888475836432,0.01782703521355966,-0.05841741901221442,0.13571723608898334,0.9392567655755926,1.5966593469914923,0.30000000000000004,0.31000000000000005,3.013003118145665,2.1707649798918043,1.7161400961695925,1.25,7.248159005544089,0.7300000000000002
2022-01-26,1.345291479820628,2.242152466367713,1.1210762331838564,446,-0.8968609865470849,0.019424548522574803,0.5901278610365583,0.19170820344407946,1.7278118124529704,0.6235435293466195,0.42000000000000015,0.11999999999999988,3.681329726089279,2.910024448201072,1.7905055462149169,1.4500000000000002,7.337748159722508,0.9699999999999998
2022-03-16,1.9337016574585635,1.1049723756906076,1.3812154696132597,362,0.8287292817679559,0.04983940089633998,1.7255902683150408,0.2601392364294033,1.1858684509803539,2.9648281842042636,0.5200000000000002,0.6400000000000001,3.1205680577102566,3.049044623885165,1.4268938161743032,1.2500000000000002,4.330915404191258,1.1400000000000001
2022-05-04,1.7587939698492463,1.0050251256281406,1.7587939698492463,398,0.7537688442211057,0.03011635469365892,-0.07496043754685022,0.3775785002359866,0.8997112306617044,0.12749810613150503,0.0,0.029999999999999805,0.0,0.6134255491349365,1.2054468766340058,0.36999999999999966,1.0559577014010932,-0.25
2022-06-15,1.5665796344647518,0.7832898172323759,1.5665796344647518,383,0.7832898172323759,0.022342529538724953,0.029520973011270213,-0.1922143353844945,0.8626892702869943,1.4337529899355392,-0.050000000000000266,-0.3700000000000001,0.19830102447955048,0.2684684350348264,0.869525168190224,0.6699999999999999,1.5341546081755417,0.1200000000000001
2022-07-27,1.5105740181268883,1.2084592145015105,1.5105740181268883,331,0.3021148036253778,0.033966105062617435,-0.4811750136069981,-0.056005616337863495,0.8025650681228709,0.902437512964567,0.3900000000000001,0.25,1.4251403535239466,2.6259536068260223,0.8285759057793197,1.4299999999999997,3.0169522780468445,1.2600000000000002
2022-09-21,1.5060240963855422,0.9036144578313252,1.5060240963855422,332,0.602409638554217,0.004891244847956777,0.30029483492883924,-0.004549921741346052,1.26338253674431,2.418693136184266,0.47000000000000064,0.7000000000000002,1.5914556412021468,0.31918471617441985,1.1514445355717857,0.22000000000000064,0.4300893945261915,0.16000000000000014
2023-02-01,1.9553072625698324,1.675977653631285,1.1173184357541899,358,0.2793296089385475,0.04237906571341232,-0.3230800296156695,-0.38870566063135237,0.7812867517279213,1.662559727085223,0.7700000000000005,0.5800000000000001,2.170308022243774,0.08274821603245523,1.8325546701198678,-0.11999999999999966,0.1952770785766508,0.04999999999999982
2023-06-14,1.639344262295082,0.819672131147541,1.092896174863388,366,0.819672131147541,0.03305199834509298,0.5403425222089935,-0.024422260890801795,0.8455671333619875,0.05486952341399808,0.0,-0.020000000000000018,0.0,0.7286154846076994,0.6195120924476614,0.2599999999999998,0.33427928589971906,0.45999999999999996
2023-07-26,1.9553072625698324,0.8379888268156425,1.1173184357541899,358,1.11731843575419,0.007078876952926971,0.2976463046066491,0.024422260890801795,0.6348092226639105,1.0161492523049835,0.16000000000000014,0.37000000000000055,0.35459997515820124,1.728310022559673,0.6378781560371072,0.2599999999999998,0.33268363555736036,1.0900000000000003
2023-09-20,1.9283746556473829,0.8264462809917356,1.1019283746556474,363,1.1019283746556474,0.005632261375280501,-0.015390061098542684,-0.015390061098542462,0.9733084755496477,1.6641859849857432,-0.04999999999999982,0.5800000000000001,0.1172117969453957,0.8117257430041882,1.2783628056502034,-0.7800000000000002,1.0556872952905378,-0.48999999999999977
2023-11-01,1.8970189701897018,0.8130081300813009,1.084010840108401,369,1.0840108401084008,0.006381141470439,-0.01791753454724665,-0.017917534547246428,1.7837542542713396,1.560615687762777,-0.39000000000000057,-0.5499999999999998,0.926110331741359,1.2122839939985997,1.605690667758703,-0.5899999999999999,0.8088900746276875,-0.7399999999999993
2023-12-13,1.8421052631578945,1.0526315789473684,1.0526315789473684,380,0.7894736842105261,0.006180433931808005,-0.29453715589787466,-0.03137926116103262,0.8426625912982945,0.08511647054189737,-0.2400000000000002,0.03000000000000025,0.5590337925177278,0.4422781546185133,0.9002354074034192,0.2599999999999998,0.3496548364792242,0.2699999999999996
2024-01-31,1.3966480446927374,1.3966480446927374,1.675977653631285,358,0.0,0.05038939662623865,-0.7894736842105261,0.6233460746839166,0.927038431327344,0.5998051371104566,0.27000000000000046,0.20000000000000018,0.6446415569079793,1.1081525035905344,0.8246042279568309,0.6900000000000004,0.9511368286075266,0.6399999999999997
2024-05-01,1.1682242990654206,1.4018691588785046,1.4018691588785046,428,-0.23364485981308403,0.02322968320271357,-0.23364485981308403,-0.2741084947527803,0.6969445949074397,0.36906394921460006,-0.07000000000000028,-0.1200000000000001,0.16895522952699452,1.136422242278589,0.8094657204064757,-0.7999999999999998,1.114815397124627,-0.6399999999999997
2024-06-12,1.7341040462427744,1.7341040462427744,1.7341040462427744,173,0.0,0.13944496479741542,0.23364485981308403,0.33223488736426976,0.8471143551234983,0.2587521058293027,-0.3099999999999996,-0.07999999999999918,0.9305997796533435,1.1764509588872132,1.0675180604418057,-1.1099999999999999,1.923816312750445,-0.6299999999999994
2024-06-12,1.366120218579235,1.366120218579235,1.639344262295082,366,0.0,0.11343297967974597,0.0,-0.09475978394769236,0.8471143551234983,0.2587521058293027,-0.3099999999999996,-0.07999999999999918,0.9305997796533435,1.1764509588872132,1.0675180604418057,-1.1099999999999999,1.923816312750445,-0.6299999999999994
2024-07-31,1.0443864229765014,1.3054830287206265,1.5665796344647518,383,-0.2610966057441251,0.013336513010478446,-0.2610966057441251,-0.07276462783033022,1.8099961714227166,0.7302268033721239,-0.41999999999999993,-0.21999999999999975,1.3758069655555836,0.3832696740876149,1.4498774030106798,-0.13999999999999968,0.26477417397215885,0.20000000000000018
2024-09-18,1.0582010582010581,1.3227513227513228,1.8518518518518516,378,-0.26455026455026465,0.023346016306508344,-0.00345365880613957,0.28527221738709985,1.0371659790758219,1.2730652697018063,0.3400000000000003,0.3799999999999999,1.1168743977113422,,,,,
2024-11-07,1.1695906432748537,1.7543859649122806,1.7543859649122806,342,-0.5847953216374269,0.01363621464846021,-0.3202450570871622,-0.09746588693957103,0.9114955606622703,0.3093343469204374,-0.05999999999999961,-0.08999999999999986,0.19791850700904354,,,,,
