doc,type,date,year,h,unc,alarm,absz,volreg,n_assets
0,fomc_statement,2024-06-12,2024,21,1.6666666666666667,0.0,0.542336508266268,-0.0289328663694792,4
0,fomc_statement,2024-06-12,2024,63,1.6666666666666667,0.0,1.6957613794990345,-0.008103011966488834,4
1,fomc_minutes,2024-05-22,2024,21,0.0,0.0,0.6849046015130915,-0.06536709461865559,4
1,fomc_minutes,2024-05-22,2024,63,0.0,0.0,1.5250271720047721,-0.09121493614046423,4
2,cb_speech,2024-02-02,2024,21,2.0850708924103416,0.13900472616068948,0.42867200651656623,0.015170329871930755,5
2,cb_speech,2024-02-02,2024,63,2.0850708924103416,0.13900472616068948,0.5202028506314463,0.025598451087492168,5
3,cb_speech,2024-02-16,2024,21,0.33034450212364325,0.23596035865974516,0.20733643344082617,0.019838694577816163,5
3,cb_speech,2024-02-16,2024,63,0.33034450212364325,0.23596035865974516,0.2835676781517685,0.011501000516228155,5
4,cb_speech,2024-02-22,2024,21,1.0866284334440086,0.24147298520977964,0.27075232369750435,0.0012872677975254375,5
4,cb_speech,2024-02-22,2024,63,1.0866284334440086,0.24147298520977964,0.18749526334053368,0.02029890706389418,5
5,cb_speech,2024-03-06,2024,21,1.1452368558042685,0.7287870900572618,0.4937689447940235,-0.11820393159503051,5
5,cb_speech,2024-03-06,2024,63,1.1452368558042685,0.7287870900572618,0.35394330743237495,-0.07410330732565631,4
6,beige_book,2024-04-30,2024,21,0.5931274579330797,0.09670556379343692,0.6310275354021091,-0.05255476523539646,5
6,beige_book,2024-04-30,2024,63,0.5931274579330797,0.09670556379343692,1.1815114458919382,0.0123049604487528,4
7,fomc_statement,2024-05-01,2024,21,1.3888888888888888,0.0,0.560457500086429,-0.05762524327570999,5
7,fomc_statement,2024-05-01,2024,63,1.3888888888888888,0.0,1.188729845392626,0.005772999894078697,4
8,fomc_minutes,2024-05-22,2024,21,0.9521142537104452,0.05600672080649678,0.6442310042228404,-0.049233738982988565,4
8,fomc_minutes,2024-05-22,2024,63,0.9521142537104452,0.05600672080649678,1.5003787156008999,-0.053489709701254246,4
9,cb_speech,2016-09-08,2016,21,0.9281875915974597,0.5862237420615535,0.49251312720414947,-0.3332658950855295,5
9,cb_speech,2016-09-08,2016,63,0.9281875915974597,0.5862237420615535,1.771256085657352,-0.3473236235606708,5
10,fomc_statement,2016-09-21,2016,21,0.3262642740619902,0.0,0.74717195007405,-0.34753273203016655,5
10,fomc_statement,2016-09-21,2016,63,0.3262642740619902,0.0,2.1404734235694574,-0.33397379530654164,5
11,cb_speech,2016-09-22,2016,21,0.11219147344801794,0.0,0.8886745204114694,-0.33033784346272965,5
11,cb_speech,2016-09-22,2016,63,0.11219147344801794,0.0,2.1540055573717125,-0.30894142192032714,5
12,macro_release,2016-10-07,2016,21,0.0,0.1155704980037823,0.5493608432624457,-0.3640611246320669,5
12,macro_release,2016-10-07,2016,63,0.0,0.1155704980037823,1.872028017864294,-0.3615604777117905,5
13,fomc_minutes,2016-10-12,2016,21,0.5724474474474475,0.05630630630630631,0.8923646822233364,-0.40765119675344685,5
13,fomc_minutes,2016-10-12,2016,63,0.5724474474474475,0.05630630630630631,1.5729658986600354,-0.3851869955104902,5
14,cb_speech,2016-10-18,2016,21,0.49146404552509054,0.1810657009829281,1.8376565422360627,-0.40445272005326005,5
14,cb_speech,2016-10-18,2016,63,0.49146404552509054,0.1810657009829281,1.7091222652143614,-0.4378800585948593,5
15,beige_book,2016-10-31,2016,21,0.48396103493205933,0.031023143264875597,2.328009692732909,-0.4344593556292634,5
15,beige_book,2016-10-31,2016,63,0.48396103493205933,0.031023143264875597,1.4638184123823978,-0.4576500758665379,5
16,beige_book,2017-05-31,2017,21,0.49959492303537667,0.040507696462327845,0.4634738521857301,-0.4665297366880237,5
16,beige_book,2017-05-31,2017,63,0.49959492303537667,0.040507696462327845,0.5549823861946801,-0.4667898080811964,5
17,cb_speech,2017-06-08,2017,21,0.8920606601248885,0.6244424620874219,0.7468336208318151,-0.4719889046723048,5
17,cb_speech,2017-06-08,2017,63,0.8920606601248885,0.6244424620874219,0.735025087648036,-0.4893327369444392,5
18,cb_speech,2017-06-12,2017,21,0.5680025244556642,0.03155569580309246,0.5827131541299673,-0.43360487430359457,5
18,cb_speech,2017-06-12,2017,63,0.5680025244556642,0.03155569580309246,0.6390044772452439,-0.4380904597194662,5
19,fomc_statement,2017-06-14,2017,21,0.35398230088495575,0.0,0.6032442388033952,-0.4571978610412423,5
19,fomc_statement,2017-06-14,2017,63,0.35398230088495575,0.0,0.4775839142914319,-0.47162411983598584,5
20,macro_release,2017-06-14,2017,21,0.01689331869245713,0.008446659346228565,0.5839686114543767,-0.4591420783349732,5
20,macro_release,2017-06-14,2017,63,0.01689331869245713,0.008446659346228565,0.45868974471497,-0.4529648693179892,5
21,fomc_minutes,2017-07-05,2017,21,0.5833905284831846,0.09151223976206818,0.9980127117692696,-0.4550149489719101,5
21,fomc_minutes,2017-07-05,2017,63,0.5833905284831846,0.09151223976206818,0.4162118967435589,-0.5134161027516624,5
22,cb_speech,2017-07-12,2017,21,0.8071748878923767,0.0,0.8589292249226272,-0.4758188874091477,5
22,cb_speech,2017-07-12,2017,63,0.8071748878923767,0.0,0.48674613783703596,-0.4569158306412935,5
23,landmark,2015-01-15,2015,21,0.3225806451612903,0.0,1.2279953915988533,-0.34798776322495706,5
23,landmark,2015-01-15,2015,63,0.3225806451612903,0.0,0.587655113804201,-0.3352864193558967,5
24,cb_speech,2021-04-30,2021,21,0.33400133600534404,0.16700066800267202,0.3579831255575113,-0.42465438243947895,5
24,cb_speech,2021-04-30,2021,63,0.33400133600534404,0.16700066800267202,0.6866265010002339,-0.41904036440400133,5
25,beige_book,2021-04-30,2021,21,0.7662835249042145,0.10049619998743796,0.34865268537484007,-0.4202337061877097,5
25,beige_book,2021-04-30,2021,63,0.7662835249042145,0.10049619998743796,0.6966711560207074,-0.41390919255777214,5
26,fomc_minutes,2021-05-19,2021,21,0.8648523985239853,0.1268450184501845,1.186665115045016,-0.5052983463203502,5
26,fomc_minutes,2021-05-19,2021,63,0.8648523985239853,0.1268450184501845,0.9948529397440924,-0.5200399343284918,5
27,macro_release,2021-06-10,2021,21,0.03186743148502231,0.12746972594008923,0.8789810190474097,-0.5862643991458287,5
27,macro_release,2021-06-10,2021,63,0.03186743148502231,0.12746972594008923,0.5752501962495405,-0.5733490632229334,5
28,fomc_statement,2021-06-16,2021,21,0.81799591002045,0.2044989775051125,0.9054249133080502,-0.635323581746512,5
28,fomc_statement,2021-06-16,2021,63,0.81799591002045,0.2044989775051125,0.5626477254986433,-0.6195117411142992,5
29,beige_book,2024-05-31,2024,21,0.6827522206018826,0.03314331167970303,0.6468458284826091,-0.10129712112643939,4
29,beige_book,2024-05-31,2024,63,0.6827522206018826,0.03314331167970303,1.660714466203615,-0.11026140498649549,4
30,fomc_statement,2024-06-12,2024,21,1.6216216216216217,0.0,0.5317096577488613,-0.03273489592921226,4
30,fomc_statement,2024-06-12,2024,63,1.6216216216216217,0.0,1.7143616063951794,-0.013273810346344485,4
31,macro_release,2024-06-12,2024,21,0.01743071291615827,0.008715356458079134,0.5456710561597072,-0.026500911678156526,4
31,macro_release,2024-06-12,2024,63,0.01743071291615827,0.008715356458079134,1.7592910647419564,-0.05106191269671439,4
32,fomc_statement,2003-01-29,2003,21,2.2598870056497176,0.0,0.533318113208266,-0.01590245220801652,5
32,fomc_statement,2003-01-29,2003,63,2.2598870056497176,0.0,0.3289137372232145,-0.007051984142216426,5
33,fomc_statement,2003-03-18,2003,21,2.1367521367521367,0.0,0.4030583190539939,-0.04370514135733722,5
33,fomc_statement,2003-03-18,2003,63,2.1367521367521367,0.0,1.1023909352190553,-0.05827419211232654,5
34,fomc_statement,2003-05-06,2003,21,1.7857142857142856,0.0,1.0318292198747354,-0.09786071138915108,5
34,fomc_statement,2003-05-06,2003,63,1.7857142857142856,0.0,0.9830638162602314,-0.08745295158829539,5
35,fomc_statement,2003-06-25,2003,21,0.6600660066006601,0.0,1.0499492982240664,-0.003839912748285318,5
35,fomc_statement,2003-06-25,2003,63,0.6600660066006601,0.0,1.097187178365113,-0.04908274093123559,5
36,fomc_statement,2003-08-12,2003,21,1.36986301369863,0.0,0.3505241602792798,0.007475648416360403,5
36,fomc_statement,2003-08-12,2003,63,1.36986301369863,0.0,0.7645779492600762,0.005568260743426501,5
37,fomc_statement,2004-11-10,2004,21,0.37735849056603776,0.0,0.5990022905378458,-0.20805952800891658,5
37,fomc_statement,2004-11-10,2004,63,0.37735849056603776,0.0,0.4149802685456754,-0.1998460881540703,5
38,fomc_statement,2004-12-14,2004,21,0.30959752321981426,0.0,0.5589008608615696,-0.20196765481685697,5
38,fomc_statement,2004-12-14,2004,63,0.30959752321981426,0.0,0.6161381279948167,-0.22235407352136285,5
39,fomc_statement,2005-02-02,2005,21,0.3676470588235294,0.0,0.5820623673672635,-0.26856476801003437,5
39,fomc_statement,2005-02-02,2005,63,0.3676470588235294,0.0,0.4455280309517244,-0.26559275160443724,5
40,cb_speech,2005-02-16,2005,21,0.6216972334473112,0.18650917003419334,0.9727082954826335,-0.2618060119862419,5
40,cb_speech,2005-02-16,2005,63,0.6216972334473112,0.18650917003419334,0.46384109770521986,-0.2501607268163465,5
41,macro_release,2022-11-10,2022,21,0.01827485380116959,0.009137426900584795,1.0030963749321926,0.32120516921029524,5
41,macro_release,2022-11-10,2022,63,0.01827485380116959,0.009137426900584795,0.7480786404482088,0.3377077338310485,5
42,beige_book,2023-05-31,2023,21,1.2668918918918919,0.08445945945945946,0.9130815585157788,0.10522586486739874,5
42,beige_book,2023-05-31,2023,63,1.2668918918918919,0.08445945945945946,0.5804597508249075,0.10408189574526032,5
43,macro_release,2023-06-13,2023,21,0.017793594306049824,0.008896797153024912,0.6509141848470978,0.04695165916663608,5
43,macro_release,2023-06-13,2023,63,0.017793594306049824,0.008896797153024912,0.2853024413427086,0.08470248394926758,5
44,fomc_statement,2023-06-14,2023,21,1.0869565217391304,0.0,0.5672444115711819,0.09142484574796919,5
44,fomc_statement,2023-06-14,2023,63,1.0869565217391304,0.0,0.42652274172476545,0.0876006194261114,5
45,fomc_minutes,2023-07-05,2023,21,0.7796994612985539,0.09923447689254325,0.478635601689418,0.048503606847474685,5
45,fomc_minutes,2023-07-05,2023,63,0.7796994612985539,0.09923447689254325,0.6935451802174046,0.04049099029727039,5
46,macro_release,2023-07-12,2023,21,0.017811025024490158,0.017811025024490158,0.5108859523265139,0.1367589736365843,5
46,macro_release,2023-07-12,2023,63,0.017811025024490158,0.017811025024490158,0.8612718014222956,0.13122699904440535,5
47,cb_speech,2019-01-15,2019,21,0.0,0.3795066413662239,0.6422246996620401,-0.2867461163509145,5
47,cb_speech,2019-01-15,2019,63,0.0,0.3795066413662239,0.6487252554472009,-0.2719983840267865,5
48,cb_speech,2019-01-15,2019,21,0.4548719176442423,0.4309312903998085,0.6122572039390414,-0.2639503318378144,5
48,cb_speech,2019-01-15,2019,63,0.4548719176442423,0.4309312903998085,0.7179131316920524,-0.2860045775104431,5
49,cb_speech,2019-01-28,2019,21,0.4620123203285421,0.25667351129363447,0.745318584418406,-0.3327784206587027,5
49,cb_speech,2019-01-28,2019,63,0.4620123203285421,0.25667351129363447,1.0058859480533173,-0.347429661619552,5
50,fomc_statement,2019-01-30,2019,21,0.5847953216374269,0.0,0.5273052752121716,-0.35413820991416733,5
50,fomc_statement,2019-01-30,2019,63,0.5847953216374269,0.0,0.741459737803875,-0.3455119922380116,5
51,beige_book,2019-01-31,2019,21,0.658210490229688,0.05485087418580734,0.7721954330225194,-0.3168422137104158,5
51,beige_book,2019-01-31,2019,63,0.658210490229688,0.05485087418580734,0.6889864170373835,-0.348929249169607,5
52,fomc_minutes,2019-02-20,2019,21,0.8320295832740721,0.06400227563646707,0.4487282339591755,-0.46578047653820975,5
52,fomc_minutes,2019-02-20,2019,63,0.8320295832740721,0.06400227563646707,0.5181664634149838,-0.4655188247903535,5
53,cb_speech,2019-02-22,2019,21,0.29867463132350197,0.09333582228859437,0.6800524916246828,-0.4828351275154269,5
53,cb_speech,2019-02-22,2019,63,0.29867463132350197,0.09333582228859437,0.7319629276975943,-0.5203306608721902,5
54,fomc_statement,2017-07-26,2017,21,0.3861003861003861,0.0,0.7384902354310524,-0.4888414781590654,5
54,fomc_statement,2017-07-26,2017,63,0.3861003861003861,0.0,0.46718138751408017,-0.4771730805758055,5
55,beige_book,2017-07-31,2017,21,0.5701873472712462,0.033939723051859896,0.6698226711492639,-0.5494882018223828,5
55,beige_book,2017-07-31,2017,63,0.5701873472712462,0.033939723051859896,0.5804539802773321,-0.5708637666084343,5
56,macro_release,2017-08-11,2017,21,0.016897600540723215,0.016897600540723215,0.35660362801913775,-0.5266155631293962,5
56,macro_release,2017-08-11,2017,63,0.016897600540723215,0.016897600540723215,1.0262920603606327,-0.5308633511197562,5
57,fomc_minutes,2017-08-16,2017,21,0.6568364611260054,0.08042895442359249,0.38815742033910516,-0.5190629024427184,5
57,fomc_minutes,2017-08-16,2017,63,0.6568364611260054,0.08042895442359249,0.5904186888301522,-0.5056885389355668,5
58,cb_speech,2017-08-23,2017,21,0.5509641873278237,1.0017530678687703,0.7313746905134375,-0.47655590350512506,5
58,cb_speech,2017-08-23,2017,63,0.5509641873278237,1.0017530678687703,0.7431589168204743,-0.5085517736064363,5
59,cb_speech,2017-08-25,2017,21,0.5234079674323932,0.319860424542018,0.6269599910882387,-0.4910119370782108,5
59,cb_speech,2017-08-25,2017,63,0.5234079674323932,0.319860424542018,0.7460769320540078,-0.5025569460210754,5
60,macro_release,2017-09-01,2017,21,0.0,0.12099213551119178,0.7935537831680032,-0.5035517964044495,5
60,macro_release,2017-09-01,2017,63,0.0,0.12099213551119178,0.8810933013023738,-0.5135260459790025,5
61,beige_book,2019-04-30,2019,21,0.5588450535559844,0.07318209034661699,1.3399438576661304,-0.6235259915941924,5
61,beige_book,2019-04-30,2019,63,0.5588450535559844,0.07318209034661699,1.0105776028541709,-0.6141672404928594,5
62,fomc_statement,2019-05-01,2019,21,0.5988023952095809,0.0,1.8686916335485932,-0.6579538847280431,5
62,fomc_statement,2019-05-01,2019,63,0.5988023952095809,0.0,1.070487953443791,-0.6575551420737346,5
63,macro_release,2019-05-03,2019,21,0.0,0.11225635268904989,2.2669495822231673,-0.6406928516004076,5
63,macro_release,2019-05-03,2019,63,0.0,0.11225635268904989,1.5161182459075844,-0.6499033133324095,5
64,macro_release,2019-05-10,2019,21,0.016919042382201165,0.008459521191100583,1.2443619749717212,-0.6327560466055336,5
64,macro_release,2019-05-10,2019,63,0.016919042382201165,0.008459521191100583,1.480464483816919,-0.5848770031772923,5
65,fomc_minutes,2019-05-22,2019,21,0.7922064018841666,0.07493844342147521,1.7918065987039171,-0.5554134131731757,5
65,fomc_minutes,2019-05-22,2019,63,0.7922064018841666,0.07493844342147521,1.3759616944114357,-0.5036590573660088,5
66,cb_speech,2019-05-30,2019,21,0.251414204902577,0.08380473496752566,1.4053399015429862,-0.4799815493931104,5
66,cb_speech,2019-05-30,2019,63,0.251414204902577,0.08380473496752566,1.2110992236396976,-0.48392167097051375,5
67,cb_speech,2019-06-04,2019,21,0.4213060487511285,0.2708396027685826,0.6425251026457162,-0.4078693486065622,5
67,cb_speech,2019-06-04,2019,63,0.4213060487511285,0.2708396027685826,0.9292651130781074,-0.42104982597473406,5
68,fomc_statement,2023-07-26,2023,21,1.10803324099723,0.0,0.9165894816604574,0.0990829583724269,5
68,fomc_statement,2023-07-26,2023,63,1.10803324099723,0.0,1.1158689549737772,0.09473922655774727,5
69,fomc_statement,2023-09-20,2023,21,1.092896174863388,0.0,0.8322196830774459,-0.03030716024556378,5
69,fomc_statement,2023-09-20,2023,63,1.092896174863388,0.0,1.0740477097775543,-0.03691818771276088,5
70,fomc_statement,2023-11-01,2023,21,1.0752688172043012,0.0,1.397814873632734,0.05042068266396007,5
70,fomc_statement,2023-11-01,2023,63,1.0752688172043012,0.0,1.1040810577311209,0.06036406086082996,5
71,beige_book,2023-11-30,2023,21,0.6678569066984064,0.09918666931164452,0.8995731334462261,0.15129432590261108,5
71,beige_book,2023-11-30,2023,63,0.6678569066984064,0.09918666931164452,0.4711889765111367,0.1404336680327551,5
72,fomc_statement,2023-12-13,2023,21,1.0443864229765014,0.0,0.2614874823713894,0.16413834110900716,5
72,fomc_statement,2023-12-13,2023,63,1.0443864229765014,0.0,0.38402253519229174,0.14614126870774793,5
73,fomc_minutes,2024-01-03,2024,21,0.7736096920157641,0.07298204641658153,0.57493743413361,0.11382627787601436,5
73,fomc_minutes,2024-01-03,2024,63,0.7736096920157641,0.07298204641658153,0.7784174345967123,0.1270299240953614,5
74,macro_release,2024-01-11,2024,21,0.017228012748729434,0.008614006374364717,0.7416084649188232,0.07064808338972876,5
74,macro_release,2024-01-11,2024,63,0.017228012748729434,0.008614006374364717,0.8595818666150213,0.09191082584312911,5
75,fomc_statement,2024-01-31,2024,21,1.662049861495845,0.0,0.7092510231336349,0.005651391381215698,5
75,fomc_statement,2024-01-31,2024,63,1.662049861495845,0.0,0.9712962055201283,-0.008868221577506774,5
76,fomc_statement,2024-11-07,2024,21,1.7341040462427744,0.0,0.24963024008603482,-0.052580327729459635,2
81,cb_speech,2018-04-09,2018,21,0.4987531172069825,0.3491271820448878,1.2628251135866784,-0.4312130813653292,5
81,cb_speech,2018-04-09,2018,63,0.4987531172069825,0.3491271820448878,0.9385176232193597,-0.44753517983887325,5
82,cb_speech,2018-05-03,2018,21,0.47904191616766467,0.4619332763045338,0.6524168625910737,-0.5588353769376496,5
82,cb_speech,2018-05-03,2018,63,0.47904191616766467,0.4619332763045338,0.6567058117038133,-0.5419368774736466,5
83,cb_speech,2018-05-07,2018,21,0.65302568567697,0.30474531998258597,0.4741419239843666,-0.6010494811710292,5
83,cb_speech,2018-05-07,2018,63,0.65302568567697,0.30474531998258597,0.6237135187820295,-0.5961980381994958,5
84,cb_speech,2018-05-10,2018,21,0.6279116872594693,0.0405104314360948,0.47804210713677,-0.6291249752594874,5
84,cb_speech,2018-05-10,2018,63,0.6279116872594693,0.0405104314360948,0.5718573791458781,-0.5868925421685076,5
85,beige_book,2018-05-31,2018,21,0.7119095143047238,0.02661343978709248,0.3191723552880968,-0.40503985179035196,5
85,beige_book,2018-05-31,2018,63,0.7119095143047238,0.02661343978709248,0.5165803984568104,-0.4275236010660751,5
86,fomc_statement,2018-06-13,2018,21,0.6006006006006006,0.0,0.5130566339578704,-0.37989919062573996,5
86,fomc_statement,2018-06-13,2018,63,0.6006006006006006,0.0,0.2790118869993007,-0.38652046188885386,5
87,macro_release,2018-07-12,2018,21,0.017458100558659217,0.017458100558659217,0.5554307818047373,-0.5892989342266471,5
87,macro_release,2018-07-12,2018,63,0.017458100558659217,0.017458100558659217,0.4313625489226972,-0.573116327015099,5
88,fomc_statement,2015-01-28,2015,21,0.34782608695652173,0.0,0.9103210334332719,-0.35572555161254893,5
88,fomc_statement,2015-01-28,2015,63,0.34782608695652173,0.0,0.46667891046561394,-0.3073376237690749,5
89,fomc_statement,2015-03-18,2015,21,0.3401360544217687,0.0,0.46809821804941826,-0.36558648695211815,5
89,fomc_statement,2015-03-18,2015,63,0.3401360544217687,0.0,0.7486828337175783,-0.3676213142118227,5
90,fomc_statement,2015-04-29,2015,21,0.3546099290780142,0.0,0.6424347904986661,-0.44366549986474685,5
90,fomc_statement,2015-04-29,2015,63,0.3546099290780142,0.0,0.6215036398450053,-0.4363411699092028,5
91,fomc_statement,2015-06-17,2015,21,0.36429872495446264,0.0,0.3058992769062666,-0.2955717866324224,5
91,fomc_statement,2015-06-17,2015,63,0.36429872495446264,0.0,0.7613654881130587,-0.30723865971387254,5
92,fomc_minutes,2015-07-08,2015,21,0.5119240854039206,0.06242976651267324,0.5438986382991458,-0.24843724247503482,5
92,fomc_minutes,2015-07-08,2015,63,0.5119240854039206,0.06242976651267324,0.46416073963455984,-0.2305599259405323,5
93,fomc_statement,2015-07-29,2015,21,0.3676470588235294,0.0,0.9465943686327384,-0.29281031249574385,5
93,fomc_statement,2015-07-29,2015,63,0.3676470588235294,0.0,0.5678836771877636,-0.3033448462512178,5
94,fomc_minutes,2015-08-19,2015,21,0.5965875193890944,0.0954540031022551,0.9742435123738753,-0.34872852696298284,5
94,fomc_minutes,2015-08-19,2015,63,0.5965875193890944,0.0954540031022551,0.5604447023909688,-0.3555992362370644,5
95,fomc_statement,2015-09-17,2015,21,0.676818950930626,0.0,0.4009561950361529,-0.02582297786405448,5
95,fomc_statement,2015-09-17,2015,63,0.676818950930626,0.0,0.3063746561389004,-0.07542081938199444,5
96,beige_book,2015-09-30,2015,21,0.4465295048609541,0.06217499434772779,0.5506599276360987,-0.17594422562706963,5
96,beige_book,2015-09-30,2015,63,0.4465295048609541,0.06217499434772779,0.6542515874028962,-0.1611685164269253,5
97,fomc_minutes,2015-10-08,2015,21,1.0413849066810927,0.027048958615093318,1.0927925267078755,-0.19665131373759953,5
97,fomc_minutes,2015-10-08,2015,63,1.0413849066810927,0.027048958615093318,0.49884756345372716,-0.230151860884296,5
98,macro_release,2015-10-15,2015,21,0.016967845931958936,0.03393569186391787,1.2572688984642566,-0.21584130644536556,5
98,macro_release,2015-10-15,2015,63,0.016967845931958936,0.03393569186391787,0.5632510261471564,-0.1952835939009626,5
99,fomc_statement,2015-10-28,2015,21,0.3436426116838488,0.0,0.7831814939014,-0.28682693289896893,5
99,fomc_statement,2015-10-28,2015,63,0.3436426116838488,0.0,0.47884909729919184,-0.24353766414811293,5
100,fomc_statement,2004-01-28,2004,21,0.9523809523809524,0.0,0.8126242786729365,-0.10600145658740132,5
100,fomc_statement,2004-01-28,2004,63,0.9523809523809524,0.0,0.8809451091681639,-0.12885235608866644,5
101,fomc_statement,2004-03-16,2004,21,0.4784688995215311,0.0,1.274785635909889,-0.08538669565384913,5
101,fomc_statement,2004-03-16,2004,63,0.4784688995215311,0.0,1.3411011028198274,-0.07364824252669057,5
102,fomc_statement,2004-05-04,2004,21,0.966183574879227,0.0,0.45042084184607944,-0.12073278952572104,5
102,fomc_statement,2004-05-04,2004,63,0.966183574879227,0.0,0.4200304118751658,-0.08992233726946136,5
103,fomc_statement,2004-06-30,2004,21,0.34843205574912894,0.0,0.6644332169004479,-0.06867760355269334,5
103,fomc_statement,2004-06-30,2004,63,0.34843205574912894,0.0,0.629425668792192,-0.09426647323659046,5
104,fomc_statement,2017-03-15,2017,21,0.37523452157598497,0.0,0.9828779236239351,-0.3618203653904543,5
104,fomc_statement,2017-03-15,2017,63,0.37523452157598497,0.0,0.6888271253758127,-0.35884300243763034,5
105,fomc_minutes,2017-05-24,2017,21,0.7080481472740147,0.14160962945480293,0.3072676222135623,-0.43617011659166877,5
105,fomc_minutes,2017-05-24,2017,63,0.7080481472740147,0.14160962945480293,0.5378072291660996,-0.46853157960462966,5
106,beige_book,2015-01-31,2015,21,0.5293775450843513,0.04653868528214078,1.1584955617121868,-0.3125965914285706,5
106,beige_book,2015-01-31,2015,63,0.5293775450843513,0.04653868528214078,0.5365600178179466,-0.33608184939531743,5
107,fomc_minutes,2015-02-18,2015,21,0.6162464985994398,0.04201680672268908,0.627400832234546,-0.29669818935619335,5
107,fomc_minutes,2015-02-18,2015,63,0.6162464985994398,0.04201680672268908,0.323341016940778,-0.28696748904453584,5
108,macro_release,2015-02-26,2015,21,0.01603849238171612,0.040096230954290296,0.5296413200308242,-0.30538389032797947,5
108,macro_release,2015-02-26,2015,63,0.01603849238171612,0.040096230954290296,0.31801108852661353,-0.3157619623990813,5
109,macro_release,2015-03-06,2015,21,0.0,0.10518565267697486,0.9211714717999161,-0.3132128441031794,5
109,macro_release,2015-03-06,2015,63,0.0,0.10518565267697486,0.6042718758675029,-0.3481926480512777,5
110,fomc_statement,2006-05-10,2006,21,0.60790273556231,0.0,1.0199184670622352,-0.3531459811148264,5
110,fomc_statement,2006-05-10,2006,63,0.60790273556231,0.0,0.8274639085695139,-0.33809573036020396,5
111,fomc_statement,2006-06-29,2006,21,1.3745704467353952,0.0,0.9619523904434173,-0.2683961738192875,5
111,fomc_statement,2006-06-29,2006,63,1.3745704467353952,0.0,1.0356793709916656,-0.25735998946152183,5
112,fomc_statement,2006-08-08,2006,21,2.2522522522522523,0.0,0.5770443477614824,-0.2887028805335175,5
112,fomc_statement,2006-08-08,2006,63,2.2522522522522523,0.0,0.7050233069429774,-0.29179207831720155,5
113,fomc_statement,2014-09-17,2014,21,0.5482456140350876,0.0,1.8709756246576845,-0.6526985504852176,5
113,fomc_statement,2014-09-17,2014,63,0.5482456140350876,0.0,1.471399265170679,-0.67678774123933,5
114,beige_book,2014-09-30,2014,21,0.3787047200878156,0.027442371020856202,0.5511150049121358,-0.594319944996968,5
114,beige_book,2014-09-30,2014,63,0.3787047200878156,0.027442371020856202,1.3174280534426155,-0.5981891920315152,5
115,fomc_minutes,2014-10-08,2014,21,0.5076142131979695,0.04414036636504083,0.9455427476473822,-0.46525552344021487,5
115,fomc_minutes,2014-10-08,2014,63,0.5076142131979695,0.04414036636504083,1.1674652246555468,-0.4632496154407139,5
116,beige_book,2014-10-15,2014,21,0.3798882681564246,0.03910614525139665,2.020433689732232,-0.4392583357309553,5
116,beige_book,2014-10-15,2014,63,0.3798882681564246,0.03910614525139665,1.6201479657506854,-0.4246570570184013,5
117,macro_release,2014-10-22,2014,21,0.016655562958027982,0.008327781479013991,1.5658127496495244,-0.4312886376474432,5
117,macro_release,2014-10-22,2014,63,0.016655562958027982,0.008327781479013991,1.4350034606573165,-0.42612392294438706,5
118,fomc_statement,2014-10-29,2014,21,0.273972602739726,0.0,1.2950706666432956,-0.3895433527172254,5
118,fomc_statement,2014-10-29,2014,63,0.273972602739726,0.0,1.3524878837420515,-0.4129866418859841,5
119,cb_speech,2024-06-18,2024,21,0.3464566929133858,0.12598425196850394,0.4724135809129701,-0.012540400207346331,4
119,cb_speech,2024-06-18,2024,63,0.3464566929133858,0.12598425196850394,1.9255153350806107,-0.018853970753662304,4
120,cb_speech,2024-06-24,2024,21,0.0,0.12150668286755771,1.009145618402282,-0.034252903444303776,4
120,cb_speech,2024-06-24,2024,63,0.0,0.12150668286755771,1.9233163934511541,-0.0053057976743337565,4
121,cb_speech,2024-06-25,2024,21,1.1226944667201284,0.060144346431435444,0.9204792417251311,0.014226247490034628,4
121,cb_speech,2024-06-25,2024,63,1.1226944667201284,0.060144346431435444,1.9406457271151234,0.007113374765273593,4
122,cb_speech,2024-06-26,2024,21,1.0670731707317074,0.0,1.2212888895100313,0.0001775649458424476,4
122,cb_speech,2024-06-26,2024,63,1.0670731707317074,0.0,1.9849665167633859,0.005926560871555457,4
123,fomc_minutes,2024-07-03,2024,21,0.9914582062233069,0.06101281269066504,2.532433983378285,-0.048963604065729624,4
123,fomc_minutes,2024-07-03,2024,63,0.9914582062233069,0.06101281269066504,1.7611789560632234,0.009852325493776987,4
124,macro_release,2024-07-05,2024,21,0.0,0.10676501989711734,2.4020030324005877,0.017779941296211105,4
124,macro_release,2024-07-05,2024,63,0.0,0.10676501989711734,1.5668724582053584,-0.027661046830447265,4
125,fomc_statement,2024-07-31,2024,21,1.550387596899225,0.0,1.3512846123112818,-0.07241844583718075,4
125,fomc_statement,2024-07-31,2024,63,1.550387596899225,0.0,0.2604071085586978,-0.05209371364809248,4
126,beige_book,2024-07-31,2024,21,0.6033867514435866,0.051904236683319276,1.3026080150361867,-0.0641985836550197,4
126,beige_book,2024-07-31,2024,63,0.6033867514435866,0.051904236683319276,0.27250060089424166,-0.09849620982691554,4
127,macro_release,2024-08-02,2024,21,0.0,0.11441647597254005,0.28239746228384155,0.08551694792046034,4
127,macro_release,2024-08-02,2024,63,0.0,0.11441647597254005,0.8537491925380025,0.20771632053955524,2
128,fomc_statement,2019-09-18,2019,21,0.7481296758104738,0.0,0.33396877207004155,-0.3429316243821857,5
128,fomc_statement,2019-09-18,2019,63,0.7481296758104738,0.0,0.47729951634211576,-0.36061944751255165,5
129,beige_book,2019-09-30,2019,21,0.7877143046269941,0.06619447938041968,0.6776802075530161,-0.40311779769528205,5
129,beige_book,2019-09-30,2019,63,0.7877143046269941,0.06619447938041968,0.7584971693052395,-0.4103764256089512,5
130,fomc_minutes,2019-10-09,2019,21,1.1289867344058706,0.14112334180073383,1.2027106958239604,-0.39548489521480024,5
130,fomc_minutes,2019-10-09,2019,63,1.1289867344058706,0.14112334180073383,1.0336603885372628,-0.41546665315768905,5
131,macro_release,2019-10-10,2019,21,0.01677430176968884,0.00838715088484442,0.8943795914634227,-0.41435229123734735,5
131,macro_release,2019-10-10,2019,63,0.01677430176968884,0.00838715088484442,0.8466226225873481,-0.40214599367467524,5
132,beige_book,2019-10-16,2019,21,0.7730101539469374,0.07861120209629872,0.3969986891291917,-0.41886383881884176,5
132,beige_book,2019-10-16,2019,63,0.7730101539469374,0.07861120209629872,0.6188644937637168,-0.3959746634044826,5
133,fomc_statement,2019-10-30,2019,21,0.8264462809917356,0.0,0.3931485630067415,-0.4602820962866307,5
133,fomc_statement,2019-10-30,2019,63,0.8264462809917356,0.0,0.38045199702382204,-0.48369531516834385,5
134,beige_book,2018-07-31,2018,21,0.7923185389108977,0.04700194722352783,0.44219115038926066,-0.594193749289767,5
134,beige_book,2018-07-31,2018,63,0.7923185389108977,0.04700194722352783,0.6635304364454322,-0.566556286482313,5
135,fomc_minutes,2018-08-22,2018,21,0.9552599758162031,0.08464328899637243,1.0922923264934545,-0.610935112215965,5
135,fomc_minutes,2018-08-22,2018,63,0.9552599758162031,0.08464328899637243,0.9092040932078771,-0.6144070766547003,5
136,macro_release,2018-09-13,2018,21,0.01759479194158529,0.01759479194158529,0.876509655861538,-0.6194572966070748,5
136,macro_release,2018-09-13,2018,63,0.01759479194158529,0.01759479194158529,1.157080623280861,-0.6197179872985773,5
137,fomc_statement,2018-09-26,2018,21,0.6578947368421052,0.0,1.349410032306332,-0.6649127729841736,5
137,fomc_statement,2018-09-26,2018,63,0.6578947368421052,0.0,2.5508730144469043,-0.6612076504380523,5
138,positioning_report,2018-09-28,2018,21,0.0,0.0,1.3267831365842293,-0.6630750031517465,5
138,positioning_report,2018-09-28,2018,63,0.0,0.0,2.4610201164915937,-0.6638080030824944,5
139,cb_speech,2012-10-14,2012,21,0.2901353965183753,0.4835589941972921,0.48156385562865445,-0.48117147686062073,5
139,cb_speech,2012-10-14,2012,63,0.2901353965183753,0.4835589941972921,1.1150453878808912,-0.5209078108473637,5
140,fomc_statement,2012-10-24,2012,21,0.7220216606498195,0.0,0.5763998509113702,-0.5544291215132324,5
140,fomc_statement,2012-10-24,2012,63,0.7220216606498195,0.0,1.3029230273945598,-0.5462448909524636,5
141,beige_book,2012-10-31,2012,21,0.5339157869190633,0.04247057395947094,0.6085071577792913,-0.5524074312705387,5
141,beige_book,2012-10-31,2012,63,0.5339157869190633,0.04247057395947094,1.5561311977708618,-0.5519074592183288,5
142,cb_speech,2012-11-12,2012,21,0.273134491423577,0.09832841691248771,0.9979913942216492,-0.5533209612356736,5
142,cb_speech,2012-11-12,2012,63,0.273134491423577,0.09832841691248771,1.8361715592677712,-0.5579220817533566,5
143,cb_speech,2012-11-26,2012,21,0.39370078740157477,0.17497812773403326,0.7552765984293057,-0.5518695381956958,5
143,cb_speech,2012-11-26,2012,63,0.39370078740157477,0.17497812773403326,0.9618007034998388,-0.5281265168874665,5
144,macro_release,2019-06-12,2019,21,0.01710717646052519,0.008553588230262595,0.33035918367318595,-0.46030028401903456,5
144,macro_release,2019-06-12,2019,63,0.01710717646052519,0.008553588230262595,0.5483970441136954,-0.4529539066794895,5
145,fomc_statement,2019-06-19,2019,21,1.084010840108401,0.0,0.3394613207663837,-0.4402181883998866,5
145,fomc_statement,2019-06-19,2019,63,1.084010840108401,0.0,0.2375441357089957,-0.44294233195935534,5
146,cb_speech,2013-04-10,2013,21,0.6987577639751553,0.2329192546583851,0.32710422470428935,-0.5600202764155465,5
146,cb_speech,2013-04-10,2013,63,0.6987577639751553,0.2329192546583851,1.0348687816139202,-0.5336027973817502,5
147,beige_book,2013-04-30,2013,21,0.5358262554865189,0.028501396568431852,1.19302302782768,-0.5131701896659069,5
147,beige_book,2013-04-30,2013,63,0.5358262554865189,0.028501396568431852,1.1428124131048507,-0.5395802338607348,5
148,fomc_statement,2013-05-01,2013,21,0.8902077151335311,0.0,1.442518081778762,-0.5174260493947129,5
148,fomc_statement,2013-05-01,2013,63,0.8902077151335311,0.0,1.065857252501811,-0.5184409687158114,5
149,macro_release,2013-05-03,2013,21,0.0,0.1042535446205171,0.8550650912525694,-0.5485171043636827,5
149,macro_release,2013-05-03,2013,63,0.0,0.1042535446205171,0.944130629447671,-0.53167326454514,5
150,landmark,2013-05-22,2013,21,0.6477329347284505,0.1993024414549078,1.6813188701453448,-0.4926713808550215,5
150,landmark,2013-05-22,2013,63,0.6477329347284505,0.1993024414549078,1.2120718770078764,-0.5048780601395665,5
151,fomc_minutes,2013-05-22,2013,21,0.7349698662354843,0.1028957812729678,1.6545772813275477,-0.4819166289164861,5
151,fomc_minutes,2013-05-22,2013,63,0.7349698662354843,0.1028957812729678,1.1516818057519953,-0.46051043066645053,5
152,cb_speech,2014-09-16,2014,21,0.4924242424242424,0.0,1.8259898865365298,-0.6436813878579459,5
152,cb_speech,2014-09-16,2014,63,0.4924242424242424,0.0,1.3645487340034772,-0.6713003952372502,5
153,cb_speech,2014-09-29,2014,21,1.0113780025284451,0.5478297513695743,0.5946762055746735,-0.5701316554865056,5
153,cb_speech,2014-09-29,2014,63,1.0113780025284451,0.5478297513695743,1.2711272416681147,-0.5812823327403722,5
154,cb_speech,2014-10-10,2014,21,0.6487889273356401,0.043252595155709346,1.3135263213332735,-0.47678737408993077,5
154,cb_speech,2014-10-10,2014,63,0.6487889273356401,0.043252595155709346,1.3509524463645595,-0.4651647963789169,5
155,cb_speech,2010-07-15,2010,21,0.2844950213371266,0.6164058795637744,0.49212364640667394,-0.18167113876885485,5
155,cb_speech,2010-07-15,2010,63,0.2844950213371266,0.6164058795637744,0.9946310118045805,-0.1985897381261845,5
156,cb_speech,2010-07-22,2010,21,0.11061946902654868,0.0,0.6386825845516749,-0.16900412775935508,5
156,cb_speech,2010-07-22,2010,63,0.11061946902654868,0.0,0.9114459578063512,-0.17234765360070003,5
157,cb_speech,2010-07-30,2010,21,0.4590984974958264,0.25041736227045075,0.793858888698338,-0.18137466265336363,5
157,cb_speech,2010-07-30,2010,63,0.4590984974958264,0.25041736227045075,0.8137485619828183,-0.20008836015432188,5
158,cb_speech,2015-06-10,2015,21,0.43301759133964823,0.16238159675236805,0.5186965094511157,-0.2891950469331682,5
158,cb_speech,2015-06-10,2015,63,0.43301759133964823,0.16238159675236805,0.7193972574046603,-0.28014575090501326,5
159,beige_book,2015-06-30,2015,21,0.4109954630370964,0.09073925807312516,0.3758431975775852,-0.23597854429070209,5
159,beige_book,2015-06-30,2015,63,0.4109954630370964,0.09073925807312516,0.6931452973423653,-0.25557628706138497,5
160,cb_speech,2015-06-30,2015,21,0.2921129503407984,0.4868549172346641,0.4054096676357036,-0.24614128130784207,5
160,cb_speech,2015-06-30,2015,63,0.2921129503407984,0.4868549172346641,0.6865505582153615,-0.2338512762291624,5
161,cb_speech,2015-07-15,2015,21,0.6052141527001862,0.13966480446927373,0.5106851717464611,-0.21374564690353948,5
161,cb_speech,2015-07-15,2015,63,0.6052141527001862,0.13966480446927373,0.9375353742279282,-0.22283748914783885,5
162,cb_speech,2015-07-16,2015,21,0.36662267194603315,0.21997360316761988,0.5139691031622411,-0.21414739660258603,5
162,cb_speech,2015-07-16,2015,63,0.36662267194603315,0.21997360316761988,0.9804011657336711,-0.2333766246046122,5
163,cb_speech,2015-07-21,2015,21,0.1195886151638364,0.1435063381966037,0.5569362767602897,-0.2491842306237138,5
163,cb_speech,2015-07-21,2015,63,0.1195886151638364,0.1435063381966037,0.8328872923539098,-0.22646506091767687,5
164,cb_speech,2015-07-22,2015,21,0.5257009345794392,0.0,0.8957195646622325,-0.2527462311449282,5
164,cb_speech,2015-07-22,2015,63,0.5257009345794392,0.0,0.9400621154652138,-0.24802207812288835,5
165,cb_speech,2015-07-27,2015,21,0.18796992481203006,0.03759398496240602,1.1488611540015896,-0.24177037169777482,5
165,cb_speech,2015-07-27,2015,63,0.18796992481203006,0.03759398496240602,0.46143782475368517,-0.23999062364719753,5
166,cb_speech,2018-03-01,2018,21,0.26149487905861846,0.19612115929396384,0.26174454893516313,-0.3590776794181335,5
166,cb_speech,2018-03-01,2018,63,0.26149487905861846,0.19612115929396384,0.597588300854355,-0.33320544934527124,5
167,cb_speech,2018-03-08,2018,21,0.7262393432270287,0.12630249447426586,0.591477351743606,-0.3710974406039821,5
167,cb_speech,2018-03-08,2018,63,0.7262393432270287,0.12630249447426586,0.6955536749378969,-0.32948566343454455,5
168,cb_speech,2018-03-12,2018,21,0.2734107997265892,0.17088174982911825,0.5515961352211626,-0.4176182731307054,5
168,cb_speech,2018-03-12,2018,63,0.2734107997265892,0.17088174982911825,0.7479440734977411,-0.38480640523361387,5
169,cb_speech,2018-03-14,2018,21,0.790106492614222,0.1717622810030917,0.5242247762924847,-0.42450394677432496,5
169,cb_speech,2018-03-14,2018,63,0.790106492614222,0.1717622810030917,0.863340980527226,-0.41685903052941253,5
170,cb_speech,2018-06-14,2018,21,0.0,0.0,0.38478631245850325,-0.397315929372548,5
170,cb_speech,2018-06-14,2018,63,0.0,0.0,0.21626429333962732,-0.3838818053828288,5
171,fomc_statement,2003-10-28,2003,21,1.3761467889908259,0.0,0.5939683155277249,-0.025579753085510804,5
171,fomc_statement,2003-10-28,2003,63,1.3761467889908259,0.0,0.5262879956324724,-0.048570989670747425,5
172,fomc_statement,2003-12-09,2003,21,0.9615384615384616,0.0,0.8832019224882075,-0.0703853367808274,5
172,fomc_statement,2003-12-09,2003,63,0.9615384615384616,0.0,0.8828253679762318,-0.089788838841936,5
173,cb_speech,2007-07-18,2007,21,0.673520028358738,0.10634526763559021,2.8353146261300175,-0.31152061551627597,5
173,cb_speech,2007-07-18,2007,63,0.673520028358738,0.10634526763559021,1.156699483649112,-0.28996982872417254,5
174,beige_book,2007-07-25,2007,21,0.4545150725218903,0.04678831628901812,1.565298223732323,-0.25938425286889577,5
174,beige_book,2007-07-25,2007,63,0.4545150725218903,0.04678831628901812,1.360027058448405,-0.2559978016100214,5
175,cb_speech,2007-08-01,2007,21,0.43613707165109034,0.0,1.0033395371809921,-0.236928574709605,5
175,cb_speech,2007-08-01,2007,63,0.43613707165109034,0.0,1.0813775980757507,-0.2158457905539814,5
176,cb_speech,2007-08-02,2007,21,0.0,0.1724137931034483,0.9450331754468533,-0.19815869360586244,5
176,cb_speech,2007-08-02,2007,63,0.0,0.1724137931034483,1.2637732922307476,-0.22664605134005966,5
177,fomc_statement,2007-08-07,2007,21,2.8301886792452833,0.0,0.962659133098574,-0.15811524811014632,5
177,fomc_statement,2007-08-07,2007,63,2.8301886792452833,0.0,1.1370674189082934,-0.18218812959572325,5
178,fomc_statement,2007-08-10,2007,21,0.0,0.0,1.2462742067342176,-0.1567390244314541,5
178,fomc_statement,2007-08-10,2007,63,0.0,0.0,1.4702589913736035,-0.15154816574520488,5
179,fomc_statement,2007-08-17,2007,21,4.615384615384616,0.0,0.6607915715798993,-0.06148041669740119,5
179,fomc_statement,2007-08-17,2007,63,4.615384615384616,0.0,1.2788811971134948,-0.04398619573608812,5
180,macro_release,2024-08-14,2024,21,0.01766628389718223,0.008833141948591115,0.7599802714323893,0.1068101617093187,4
180,macro_release,2024-08-14,2024,63,0.01766628389718223,0.008833141948591115,0.9911920919438195,0.18079347036636434,2
181,fomc_minutes,2024-08-21,2024,21,1.16227089852481,0.029801817910892564,0.38443037764572274,0.12968995480738102,4
181,fomc_minutes,2024-08-21,2024,63,1.16227089852481,0.029801817910892564,1.0405897511420725,0.21050842615020307,2
182,beige_book,2024-09-04,2024,21,0.5287896592244419,0.026113069591330463,0.33110419901363863,-0.00667081028293523,4
182,beige_book,2024-09-04,2024,63,0.5287896592244419,0.026113069591330463,0.9097265603364495,0.07223725644161648,2
183,cb_speech,2024-09-06,2024,21,0.4760015866719556,0.5950019833399445,1.1095142961912425,-0.03535456531188874,4
183,cb_speech,2024-09-06,2024,63,0.4760015866719556,0.5950019833399445,1.0516225754784907,0.09403990169370548,2
184,macro_release,2024-09-06,2024,21,0.0,0.10829969479176922,1.1386927079902396,-0.04347038510619368,4
184,macro_release,2024-09-06,2024,63,0.0,0.10829969479176922,1.1701670900545336,0.03857947471992477,2
185,cb_speech,2014-04-10,2014,21,0.46656298600311047,0.15552099533437014,0.27481700311204604,-0.47704777542157945,5
185,cb_speech,2014-04-10,2014,63,0.46656298600311047,0.15552099533437014,0.5401945075094136,-0.4600234068462812,5
186,cb_speech,2014-04-24,2014,21,0.365277180919639,0.30081650193382037,0.6479794028897311,-0.5708724382220686,5
186,cb_speech,2014-04-24,2014,63,0.365277180919639,0.30081650193382037,0.665096863849389,-0.586943380042827,5
187,fomc_statement,2014-04-30,2014,21,0.847457627118644,0.12106537530266344,0.6835375730288791,-0.5681785915581716,5
187,fomc_statement,2014-04-30,2014,63,0.847457627118644,0.12106537530266344,0.6350809737439038,-0.5788910311626022,5
188,beige_book,2014-04-30,2014,21,0.5359236308825992,0.1060682186121811,0.6837044669642502,-0.5787738999104701,5
188,beige_book,2014-04-30,2014,63,0.5359236308825992,0.1060682186121811,0.6631146761921433,-0.5924683182255699,5
189,cb_speech,2014-05-26,2014,21,1.526946107784431,0.11976047904191617,0.5917737246046828,-0.6902513669819713,5
189,cb_speech,2014-05-26,2014,63,1.526946107784431,0.11976047904191617,0.7893847243678692,-0.6746998933685242,5
190,cb_speech,2014-08-22,2014,21,0.5905927019616114,0.6538704914574984,1.2100438794420205,-0.6505275662403027,5
190,cb_speech,2014-08-22,2014,63,0.5905927019616114,0.6538704914574984,1.4506507589673876,-0.6127360683024172,5
191,cb_speech,2014-09-11,2014,21,0.13471037269869782,0.5388414907947913,1.3900463929304323,-0.6464629432371586,5
191,cb_speech,2014-09-11,2014,63,0.13471037269869782,0.5388414907947913,1.2287364982173308,-0.6626387815780393,5
192,cb_speech,2014-09-22,2014,21,0.672107537205953,0.28804608737397985,1.3725154483926405,-0.6320566228250684,5
192,cb_speech,2014-09-22,2014,63,0.672107537205953,0.28804608737397985,1.3200652840620424,-0.6458731768983406,5
193,cb_speech,2014-09-25,2014,21,0.26109660574412535,0.26109660574412535,0.8308051192715977,-0.617156225448658,5
193,cb_speech,2014-09-25,2014,63,0.26109660574412535,0.26109660574412535,1.3083687502032055,-0.5783860672604815,5
194,cb_speech,2014-10-09,2014,21,0.36172311739559354,0.2630713581058862,1.2062836159463453,-0.4709577833333606,5
194,cb_speech,2014-10-09,2014,63,0.36172311739559354,0.2630713581058862,1.191738754331261,-0.48629597775093725,5
195,cb_speech,2014-10-10,2014,21,0.4316546762589928,0.2158273381294964,1.3668927510866093,-0.47325573905672835,5
195,cb_speech,2014-10-10,2014,63,0.4316546762589928,0.2158273381294964,1.3187870748355657,-0.47513276511211944,5
196,cb_speech,2014-10-15,2014,21,0.34965034965034963,0.08741258741258741,2.022732791917098,-0.4362547293080562,5
196,cb_speech,2014-10-15,2014,63,0.34965034965034963,0.08741258741258741,1.6379801532885097,-0.4383643126952519,5
197,cb_speech,2014-11-12,2014,21,0.24630541871921183,0.9852216748768473,0.5313194709514106,-0.4128527050939552,5
197,cb_speech,2014-11-12,2014,63,0.24630541871921183,0.9852216748768473,0.8699177951747451,-0.43331541156324427,5
198,cb_speech,2014-11-17,2014,21,0.6060606060606061,0.2331002331002331,0.6508247141524245,-0.48000891203710266,5
198,cb_speech,2014-11-17,2014,63,0.6060606060606061,0.2331002331002331,0.8039894649145911,-0.48929216161160116,5
199,cb_speech,2014-11-20,2014,21,0.26058631921824105,0.32573289902280134,0.8772336574779327,-0.5460064377092847,5
199,cb_speech,2014-11-20,2014,63,0.26058631921824105,0.32573289902280134,0.8663037806820301,-0.5098795598449867,5
200,cb_speech,2014-11-21,2014,21,0.4768392370572207,0.17029972752043596,0.7341139357237525,-0.5440747313305363,5
200,cb_speech,2014-11-21,2014,63,0.4768392370572207,0.17029972752043596,0.8146232364147498,-0.5449061134233739,5
201,cb_speech,2014-11-27,2014,21,0.2922552362396493,0.3896736483195324,0.7019091350363238,-0.5660744968240012,5
201,cb_speech,2014-11-27,2014,63,0.2922552362396493,0.3896736483195324,0.7817882642927896,-0.5422935317208273,5
202,cb_speech,2014-11-27,2014,21,0.6423491626519844,0.29823353980270706,0.7006109193513325,-0.5458740719363628,5
202,cb_speech,2014-11-27,2014,63,0.6423491626519844,0.29823353980270706,0.8077642996816368,-0.5756479177287982,5
203,beige_book,2022-04-30,2022,21,1.130645461887308,0.11803441635087283,0.644458014032406,-0.037019006163499034,5
203,beige_book,2022-04-30,2022,63,1.130645461887308,0.11803441635087283,0.3470320421340584,-0.032219777788486836,5
204,cb_speech,2022-05-11,2022,21,0.528084493518963,0.8161305808929429,0.7279457320953048,-0.013715852295670062,5
204,cb_speech,2022-05-11,2022,63,0.528084493518963,0.8161305808929429,0.3825044052599339,-0.03626114730714451,5
205,cb_speech,2022-05-11,2022,21,0.6854531607006854,0.2284843869002285,0.7585939963804678,-0.04406395179167307,5
205,cb_speech,2022-05-11,2022,63,0.6854531607006854,0.2284843869002285,0.3642524456042947,0.0004249721384516236,5
206,cb_speech,2022-06-14,2022,21,1.694915254237288,0.8988186954288648,1.0722370685611105,0.13107461185950625,5
206,cb_speech,2022-06-14,2022,63,1.694915254237288,0.8988186954288648,0.6189716879101863,0.10180062423188703,5
207,fomc_statement,2022-06-15,2022,21,1.5625,0.0,0.6643113109300216,0.1425591079478092,5
207,fomc_statement,2022-06-15,2022,63,1.5625,0.0,0.6563798169771307,0.14163413236192396,5
208,cb_speech,2022-06-20,2022,21,0.7067137809187279,0.08833922261484099,0.6262441897899408,0.18936394818125307,5
208,cb_speech,2022-06-20,2022,63,0.7067137809187279,0.08833922261484099,0.5930484675572542,0.18116210741748834,5
209,cb_speech,2022-06-28,2022,21,0.9127789046653144,0.0676132521974307,1.0537378443139,0.21176914964439178,5
209,cb_speech,2022-06-28,2022,63,0.9127789046653144,0.0676132521974307,0.988213037564957,0.2050501648127125,5
210,beige_book,2023-07-31,2023,21,0.7634543178973717,0.056320400500625784,0.5721188447391349,0.07532549102636346,5
210,beige_book,2023-07-31,2023,63,0.7634543178973717,0.056320400500625784,1.0026733571672914,0.10877407331806666,5
211,fomc_minutes,2023-08-16,2023,21,0.8827785817655571,0.21707670043415342,0.38228531886892453,0.03671319964073703,5
211,fomc_minutes,2023-08-16,2023,63,0.8827785817655571,0.21707670043415342,0.3336858936996667,0.022393601305563525,5
212,cb_speech,2023-08-25,2023,21,0.9104151493080845,0.21849963583394028,0.6036023885504551,0.04961155404780569,5
212,cb_speech,2023-08-25,2023,63,0.9104151493080845,0.21849963583394028,0.27419286443531815,0.027488108919202215,5
213,macro_release,2023-09-13,2023,21,0.01794043774668102,0.00897021887334051,0.7192227496172711,-0.041768188916973606,5
213,macro_release,2023-09-13,2023,63,0.01794043774668102,0.00897021887334051,0.7559982859449956,-0.020927246610926542,5
214,cb_speech,2015-11-16,2015,21,0.2607252903531643,0.3792367859682389,0.5703474951005634,-0.2865004578276146,5
214,cb_speech,2015-11-16,2015,63,0.2607252903531643,0.3792367859682389,1.4326176875367982,-0.24093853333164267,5
215,cb_speech,2015-12-07,2015,21,0.49450549450549447,0.14652014652014653,0.6963144422641351,-0.23788790634503418,5
215,cb_speech,2015-12-07,2015,63,0.49450549450549447,0.14652014652014653,0.9911892097690848,-0.2723739792060367,5
216,cb_speech,2015-12-14,2015,21,0.7423371647509579,0.35919540229885055,0.7147358438702437,-0.22514870519268881,5
216,cb_speech,2015-12-14,2015,63,0.7423371647509579,0.35919540229885055,0.7215562226218577,-0.21934078030711532,5
217,cb_speech,2015-12-31,2015,21,0.4534461910519952,0.42321644498186217,1.0886237613575607,-0.13827580857088528,5
217,cb_speech,2015-12-31,2015,63,0.4534461910519952,0.42321644498186217,1.1270533031974481,-0.1533087758759722,5
218,fomc_statement,2016-01-27,2016,21,0.3508771929824561,0.0,0.8871592130177202,-0.23368849870512381,5
218,fomc_statement,2016-01-27,2016,63,0.3508771929824561,0.0,0.9348154603853326,-0.25456266259939175,5
219,beige_book,2016-01-31,2016,21,0.4562920268972142,0.06604226705091258,0.662808239066769,-0.190299950286749,5
219,beige_book,2016-01-31,2016,63,0.4562920268972142,0.06604226705091258,0.8918082649097512,-0.16151970387821257,5
220,cb_speech,2016-02-03,2016,21,0.6147540983606558,0.022768670309653915,0.595584294946307,-0.1273646350368396,5
220,cb_speech,2016-02-03,2016,63,0.6147540983606558,0.022768670309653915,0.825583036229812,-0.15261367757606387,5
221,cb_speech,2014-10-29,2014,21,1.1406844106463878,0.07604562737642585,1.302887689269147,-0.43043206954604124,5
221,cb_speech,2014-10-29,2014,63,1.1406844106463878,0.07604562737642585,1.4028419497089295,-0.43617420211407365,5
222,cb_speech,2014-11-03,2014,21,0.8718114304165321,0.8718114304165321,0.5612749124844807,-0.3828213400852506,5
222,cb_speech,2014-11-03,2014,63,0.8718114304165321,0.8718114304165321,0.9798061747535172,-0.37692940358937227,5
223,cb_speech,2014-11-13,2014,21,0.425531914893617,0.0,0.6269408589393392,-0.4479862158599103,5
223,cb_speech,2014-11-13,2014,63,0.425531914893617,0.0,0.8434371998745631,-0.46290239470879024,5
224,fomc_minutes,2014-11-19,2014,21,0.741821719567068,0.06080505898090721,0.7813017723008717,-0.529425802028295,5
224,fomc_minutes,2014-11-19,2014,63,0.741821719567068,0.06080505898090721,0.8825731644449458,-0.5329271071742275,5
225,positioning_report,2014-11-28,2014,21,0.0,0.0,0.7733334755514367,-0.5432694088253202,5
225,positioning_report,2014-11-28,2014,63,0.0,0.0,0.871824900011798,-0.505641269514906,5
226,fomc_statement,2018-12-19,2018,21,0.5813953488372093,0.0,0.7773583582884654,-0.45487279289235794,5
226,fomc_statement,2018-12-19,2018,63,0.5813953488372093,0.0,1.207851651807108,-0.46691956541098295,5
227,beige_book,2018-12-31,2018,21,0.6369426751592357,0.059097773983846615,0.4029653057885625,-0.37730319467848467,5
227,beige_book,2018-12-31,2018,63,0.6369426751592357,0.059097773983846615,0.8289485361718054,-0.36608946740713194,5
228,fomc_minutes,2019-01-09,2019,21,1.063321385902031,0.13142174432497014,0.855270503780031,-0.2589629738619216,5
228,fomc_minutes,2019-01-09,2019,63,1.063321385902031,0.13142174432497014,0.923307669959582,-0.26513228823676693,5
229,macro_release,2019-01-11,2019,21,0.016719612104999164,0.025079418157498746,0.7167598414287312,-0.2788496152661945,5
229,macro_release,2019-01-11,2019,63,0.016719612104999164,0.025079418157498746,0.7843447926168622,-0.2920999644066469,5
230,beige_book,2010-07-28,2010,21,0.5118717237126117,0.09867406722170831,0.9888649089657751,-0.15739309346647998,5
230,beige_book,2010-07-28,2010,63,0.5118717237126117,0.09867406722170831,0.7919314693023926,-0.16058314347055294,5
231,fomc_statement,2010-08-10,2010,21,0.646551724137931,0.0,0.47199176909211316,-0.20221982314061945,5
231,fomc_statement,2010-08-10,2010,63,0.646551724137931,0.0,0.603907704146811,-0.19229478667819702,5
232,macro_release,2010-08-13,2010,21,0.016160310277957335,0.03232062055591467,0.5792903733326644,-0.21608617931246865,5
232,macro_release,2010-08-13,2010,63,0.016160310277957335,0.03232062055591467,0.7937178192554654,-0.21219762744566806,5
233,cb_speech,2010-08-27,2010,21,0.6424792139077854,0.17006802721088435,1.065206330349055,-0.21503535979822197,5
233,cb_speech,2010-08-27,2010,63,0.6424792139077854,0.17006802721088435,0.5088382388939868,-0.20050305894924722,5
234,fomc_minutes,2010-08-31,2010,21,0.695074040495618,0.1359927470534905,0.9538865087080387,-0.21040772828101323,5
234,fomc_minutes,2010-08-31,2010,63,0.695074040495618,0.1359927470534905,0.8361794563230708,-0.1989572802194243,5
235,landmark,2022-12-20,2022,21,0.6359300476947536,0.0,0.5944710502660077,0.23868726926899037,5
235,landmark,2022-12-20,2022,63,0.6359300476947536,0.0,0.7330560732404605,0.2497017353633731,5
236,landmark,2023-07-28,2023,21,0.6024096385542169,0.0,0.7639595332290845,0.11528676357296694,5
236,landmark,2023-07-28,2023,63,0.6024096385542169,0.0,1.0242238962518577,0.11855973136024836,5
237,cb_speech,2024-01-10,2024,21,0.5152224824355972,0.09367681498829039,0.6224528267373994,0.10582401106615302,5
237,cb_speech,2024-01-10,2024,63,0.5152224824355972,0.09367681498829039,0.8238335601720536,0.08167789744595803,5
238,cb_speech,2024-01-10,2024,21,0.8807588075880758,0.33875338753387535,0.5843167808669322,0.10723223988324797,5
238,cb_speech,2024-01-10,2024,63,0.8807588075880758,0.33875338753387535,0.8177643305993142,0.0957221601600821,5
239,cb_speech,2024-01-16,2024,21,0.21134202183867556,0.07044734061289186,0.8463912435246685,0.04398297047067059,5
239,cb_speech,2024-01-16,2024,63,0.21134202183867556,0.07044734061289186,0.9359730656004132,0.05669766652655776,5
240,beige_book,2024-03-06,2024,21,0.5998956703182056,0.10432968179447052,0.4861984779864302,-0.1286806719253569,5
240,beige_book,2024-03-06,2024,63,0.5998956703182056,0.10432968179447052,0.3643173287914466,-0.07058222590294663,4
241,fomc_statement,2022-07-27,2022,21,1.5060240963855422,0.0,0.6672355310481143,0.04178214348383089,5
241,fomc_statement,2022-07-27,2022,63,1.5060240963855422,0.0,1.2461414442828729,0.04704145896935485,5
242,beige_book,2022-07-31,2022,21,0.8604987123924377,0.1444632874819421,0.9356531109275632,0.09088387169486868,5
242,beige_book,2022-07-31,2022,63,0.8604987123924377,0.1444632874819421,1.4354497538813593,0.08608212353652742,5
243,macro_release,2022-08-10,2022,21,0.018658456945610597,0.027987685418415897,1.2564944249174024,0.11510421807708553,5
243,macro_release,2022-08-10,2022,63,0.018658456945610597,0.027987685418415897,1.3810512913013842,0.11868420154777462,5
244,fomc_minutes,2022-08-17,2022,21,1.0344422240507818,0.11755025273304338,1.2950098656673934,0.11055802038715472,5
244,fomc_minutes,2022-08-17,2022,63,1.0344422240507818,0.11755025273304338,0.9956957260083186,0.0845719983433815,5
245,landmark,2022-08-26,2022,21,0.4103967168262654,0.06839945280437756,1.9878353974733218,0.11080165170506454,5
245,landmark,2022-08-26,2022,63,0.4103967168262654,0.06839945280437756,0.8557362527252457,0.09713911102644368,5
246,landmark,2013-07-10,2013,21,0.8177425350018586,0.07434023045471441,1.0320798624798817,-0.31107435070206246,5
246,landmark,2013-07-10,2013,63,0.8177425350018586,0.07434023045471441,0.5710592164248873,-0.32725439469373496,5
247,fomc_statement,2013-10-30,2013,21,0.89171974522293,0.0,0.9493388280837415,-0.511126730781214,5
247,fomc_statement,2013-10-30,2013,63,0.89171974522293,0.0,0.3030521547673186,-0.5207074909489646,5
248,beige_book,2013-10-31,2013,21,0.48216567909840824,0.05228302544440572,0.7227238120853409,-0.5061674194580456,5
248,beige_book,2013-10-31,2013,63,0.48216567909840824,0.05228302544440572,0.18553764651347315,-0.4936705636389519,5
249,fomc_minutes,2013-11-20,2013,21,0.6881037448723039,0.026465528648934762,0.754844086532492,-0.5299371880361705,5
249,fomc_minutes,2013-11-20,2013,63,0.6881037448723039,0.026465528648934762,0.3647079483089514,-0.5428570127095071,5
250,macro_release,2013-12-17,2013,21,0.016784155756965423,0.008392077878482711,0.678475337572702,-0.5983060771820569,5
250,macro_release,2013-12-17,2013,63,0.016784155756965423,0.008392077878482711,0.49631598563096785,-0.6097284857926868,5
251,fomc_statement,2013-12-18,2013,21,0.6779661016949152,0.0,0.6053342645065455,-0.5800586070289122,5
251,fomc_statement,2013-12-18,2013,63,0.6779661016949152,0.0,0.5637960295092401,-0.5885873020961403,5
252,fomc_statement,2013-01-30,2013,21,1.0769230769230769,0.0,0.8049334708653916,-0.5101654581234927,5
252,fomc_statement,2013-01-30,2013,63,1.0769230769230769,0.0,0.8532247978799935,-0.5103325469727913,5
253,fomc_statement,2013-03-20,2013,21,0.7716049382716049,0.0,0.6826327004851669,-0.5407522498314141,5
253,fomc_statement,2013-03-20,2013,63,0.7716049382716049,0.0,0.702156279082216,-0.556782460316288,5
254,fomc_minutes,2013-04-10,2013,21,1.104431706976094,0.08388088913742485,0.3199620315979699,-0.5398565790810951,5
254,fomc_minutes,2013-04-10,2013,63,1.104431706976094,0.08388088913742485,1.0819924490383925,-0.553266330446621,5
255,macro_release,2013-05-16,2013,21,0.017095478246003933,0.025643217369005898,1.4516151056974893,-0.5478044424828875,5
255,macro_release,2013-05-16,2013,63,0.017095478246003933,0.025643217369005898,1.27585835217499,-0.5365544915607623,5
256,cb_speech,2024-08-23,2024,21,0.7469654528478058,0.49019607843137253,0.44757472141400356,0.13147802896755365,4
256,cb_speech,2024-08-23,2024,63,0.7469654528478058,0.49019607843137253,0.7477185730466711,0.2593719542364593,2
257,cb_speech,2019-06-05,2019,21,0.21037868162692847,0.0,0.37562121483046357,-0.4014765413909508,5
257,cb_speech,2019-06-05,2019,63,0.21037868162692847,0.0,0.8521198545661843,-0.41668826660930935,5
258,cb_speech,2019-06-06,2019,21,1.1587805214512348,0.46903021106359494,0.42692874653811935,-0.4356341373505785,5
258,cb_speech,2019-06-06,2019,63,1.1587805214512348,0.46903021106359494,0.7101782371309744,-0.4354069729120834,5
259,cb_speech,2019-06-06,2019,21,0.616860863605209,0.0,0.40114503461042916,-0.42053234727585825,5
259,cb_speech,2019-06-06,2019,63,0.616860863605209,0.0,0.718489177644576,-0.44494034200168653,5
260,fomc_minutes,2019-07-10,2019,21,0.968640271219276,0.13318803729265044,1.0320514097825153,-0.4649594124552223,5
260,fomc_minutes,2019-07-10,2019,63,0.968640271219276,0.13318803729265044,0.863302658944422,-0.4938749379722213,5
261,macro_release,2019-07-11,2019,21,0.01679402132840709,0.008397010664203544,1.1914587696255379,-0.48244795539661334,5
261,macro_release,2019-07-11,2019,63,0.01679402132840709,0.008397010664203544,0.8617636091177335,-0.4554003187085146,5
262,fomc_statement,2019-07-31,2019,21,0.7194244604316548,0.0,1.522266647240821,-0.5934342142189121,5
262,fomc_statement,2019-07-31,2019,63,0.7194244604316548,0.0,0.3235341423797619,-0.567031169866577,5
263,beige_book,2019-07-31,2019,21,0.893587994542974,0.06821282401091405,1.5139576364527483,-0.5965692924445836,5
263,beige_book,2019-07-31,2019,63,0.893587994542974,0.06821282401091405,0.33779721740031443,-0.570800254394357,5
264,cb_speech,2008-05-06,2008,21,0.0,0.0,0.416447839570082,0.1239081128960233,5
264,cb_speech,2008-05-06,2008,63,0.0,0.0,0.7258294194194094,0.11068689759014365,5
265,cb_speech,2008-05-12,2008,21,0.625355315520182,0.22740193291642977,0.8996043589685229,0.08985516885317624,5
265,cb_speech,2008-05-12,2008,63,0.625355315520182,0.22740193291642977,1.0032850636747792,0.09408364954987983,5
266,cb_speech,2008-05-15,2008,21,1.4255383682135276,0.6672732787382469,1.0715255772696632,0.10547490465024412,5
266,cb_speech,2008-05-15,2008,63,1.4255383682135276,0.6672732787382469,0.7754208903101019,0.1210264239219665,5
267,cb_speech,2008-05-16,2008,21,0.2854177477944992,0.02594706798131811,1.1002306476274546,0.08880816521578945,5
267,cb_speech,2008-05-16,2008,63,0.2854177477944992,0.02594706798131811,0.8638072620188918,0.11344170466306942,5
268,cb_speech,2008-06-02,2008,21,0.0,0.0,0.6290087062370577,0.09143767825695019,5
268,cb_speech,2008-06-02,2008,63,0.0,0.0,0.7449655493897852,0.09637456429765597,5
269,cb_speech,2008-06-03,2008,21,1.2734990903577925,0.3638568829593693,0.8499110168673092,0.06008495193659793,5
269,cb_speech,2008-06-03,2008,63,1.2734990903577925,0.3638568829593693,0.7403761393719337,0.0892784533753185,5
270,cb_speech,2008-06-04,2008,21,1.152980877390326,0.281214848143982,0.7422824567908407,0.08195490045660732,5
270,cb_speech,2008-06-04,2008,63,1.152980877390326,0.281214848143982,0.7620912341526841,0.07660824149055712,5
271,beige_book,2008-06-11,2008,21,0.5252033561775443,0.06404918977774932,0.49579092433278643,0.20473099930434416,5
271,beige_book,2008-06-11,2008,63,0.5252033561775443,0.06404918977774932,0.9620080130084461,0.18035572317901488,5
272,cb_speech,2008-06-20,2008,21,0.16656256506350198,0.020820320632937747,0.2581316378323835,0.1861706829794963,5
272,cb_speech,2008-06-20,2008,63,0.16656256506350198,0.020820320632937747,1.023117911304499,0.15421120428769317,5
273,cb_speech,2008-06-25,2008,21,0.9719222462203023,0.05399568034557236,0.26257045299935583,0.17799977560691171,5
273,cb_speech,2008-06-25,2008,63,0.9719222462203023,0.05399568034557236,0.7647841014845379,0.16014132129452308,5
274,fomc_statement,2008-06-25,2008,21,1.574803149606299,0.0,0.2586391645238615,0.17886519475396198,5
274,fomc_statement,2008-06-25,2008,63,1.574803149606299,0.0,0.7871150448857731,0.16548031194504134,5
275,cb_speech,2008-06-30,2008,21,0.05068423720223011,0.0,0.42802301697776396,0.18943209351176238,5
275,cb_speech,2008-06-30,2008,63,0.05068423720223011,0.0,0.8154539890222969,0.20470936653786848,5
276,cb_speech,2012-06-15,2012,21,0.6369426751592357,0.2449779519843214,0.3484827496496562,-0.39732380831033676,5
276,cb_speech,2012-06-15,2012,63,0.6369426751592357,0.2449779519843214,0.6544133043271939,-0.37794717884017204,5
277,fomc_statement,2012-06-20,2012,21,1.383399209486166,0.0,0.6674469958114642,-0.38056706097177895,5
277,fomc_statement,2012-06-20,2012,63,1.383399209486166,0.0,0.5554993178886327,-0.4345900852954707,5
278,beige_book,2012-06-30,2012,21,0.47310320658840016,0.06424858361077039,0.6624023505003984,-0.3909510274438878,5
278,beige_book,2012-06-30,2012,63,0.47310320658840016,0.06424858361077039,0.47469911092983913,-0.3655704948280007,5
279,cb_speech,2012-07-09,2012,21,0.6217616580310881,0.31088082901554404,0.4865890241259564,-0.3797957585543413,5
279,cb_speech,2012-07-09,2012,63,0.6217616580310881,0.31088082901554404,0.7057089957458385,-0.37247844974829813,5
280,fomc_minutes,2012-07-11,2012,21,1.0491720389331312,0.10112501580078373,0.591376764330751,-0.40750402242245015,5
280,fomc_minutes,2012-07-11,2012,63,1.0491720389331312,0.10112501580078373,0.7116789472167508,-0.4138836455605829,5
281,landmark,2012-07-26,2012,21,0.28149190710767064,0.49261083743842365,0.8306803862083729,-0.4879865664760338,5
281,landmark,2012-07-26,2012,63,0.28149190710767064,0.49261083743842365,0.9735495326900558,-0.4648454894471611,5
282,cb_speech,2012-07-26,2012,21,0.2844950213371266,0.4978662873399715,0.8299800269121423,-0.5101406829442083,5
282,cb_speech,2012-07-26,2012,63,0.2844950213371266,0.4978662873399715,0.9562499604934758,-0.46288813110972865,5
283,landmark,2021-12-15,2021,21,0.931098696461825,0.0,0.9149896422502384,-0.32332102780658944,5
283,landmark,2021-12-15,2021,63,0.931098696461825,0.0,2.0249874906244405,-0.32161379800940904,5
284,fomc_statement,2022-01-26,2022,21,1.1210762331838564,0.2242152466367713,0.7366803916384806,-0.39648172779602714,5
284,fomc_statement,2022-01-26,2022,63,1.1210762331838564,0.2242152466367713,2.716162896768426,-0.4099522018681768,5
285,fomc_statement,2022-03-16,2022,21,1.3850415512465373,0.0,1.6535513689716577,-0.1053835004842952,5
285,fomc_statement,2022-03-16,2022,63,1.3850415512465373,0.0,2.3135343815383687,-0.08573797745791736,5
286,fomc_statement,2022-05-04,2022,21,1.7676767676767675,0.0,0.4045441960983366,-0.03654899659147252,5
286,fomc_statement,2022-05-04,2022,63,1.7676767676767675,0.0,0.42454855980613404,-0.06864379494660958,5
287,fomc_minutes,2022-05-25,2022,21,1.2850167052171677,0.0642508352608584,1.2655093434998004,0.051310594215579076,5
287,fomc_minutes,2022-05-25,2022,63,1.2850167052171677,0.0642508352608584,0.9475410894865567,0.05302276111817298,5
288,macro_release,2022-06-10,2022,21,0.018975332068311195,0.009487666034155597,0.6810056810647845,0.07118262372412806,5
288,macro_release,2022-06-10,2022,63,0.018975332068311195,0.009487666034155597,0.4933155201113563,0.05726283487402019,5
289,cb_speech,2023-05-17,2023,21,1.639344262295082,0.546448087431694,0.7615144347715047,0.19721285355269252,5
289,cb_speech,2023-05-17,2023,63,1.639344262295082,0.546448087431694,0.6750122279739121,0.18441744196617488,5
290,cb_speech,2023-05-19,2023,21,0.6882202304737516,0.03201024327784891,0.6083890063676927,0.19308424413320407,5
290,cb_speech,2023-05-19,2023,63,0.6882202304737516,0.03201024327784891,0.536795903322904,0.2031960336979181,5
291,cb_speech,2023-06-21,2023,21,1.0384850335980453,0.08144980655670943,0.42043555282494244,0.10477396432624712,5
291,cb_speech,2023-06-21,2023,63,1.0384850335980453,0.08144980655670943,0.5241621124962688,0.08148923077029285,5
292,cb_speech,2023-06-22,2023,21,0.32045575930211856,0.10681858643403952,0.38746979812516164,0.10593548058731676,5
292,cb_speech,2023-06-22,2023,63,0.32045575930211856,0.10681858643403952,0.4800798935457813,0.09291715396307629,5
293,cb_speech,2016-04-26,2016,21,1.262135922330097,0.5825242718446602,0.31390679515354636,-0.27395576418776335,5
293,cb_speech,2016-04-26,2016,63,1.262135922330097,0.5825242718446602,0.756010957268464,-0.27634125459738457,5
294,beige_book,2016-04-30,2016,21,0.47812998052063044,0.047222714125494364,0.715120842154964,-0.3075784757492638,5
294,beige_book,2016-04-30,2016,63,0.47812998052063044,0.047222714125494364,0.6705157654700292,-0.28095779250664016,5
295,cb_speech,2016-06-02,2016,21,0.4989308624376337,0.0,1.2427411586657844,-0.3437829617939498,5
295,cb_speech,2016-06-02,2016,63,0.4989308624376337,0.0,0.5052766639587126,-0.3497921987169768,5
296,cb_speech,2016-06-03,2016,21,1.1713933415536375,0.3082614056720099,1.056429195885134,-0.2521253009137641,5
296,cb_speech,2016-06-03,2016,63,1.1713933415536375,0.3082614056720099,0.3555300915966957,-0.26448940004717103,5
297,cb_speech,2016-06-06,2016,21,0.7612328258447828,0.3527664314890457,1.2033310470079133,-0.23683811443155958,5
297,cb_speech,2016-06-06,2016,63,0.7612328258447828,0.3527664314890457,0.3083944019551867,-0.25139066141285715,5
298,fomc_statement,2016-06-15,2016,21,0.18115942028985507,0.0,0.4406906848828328,-0.2674277598593068,5
298,fomc_statement,2016-06-15,2016,63,0.18115942028985507,0.0,0.3914752490415784,-0.2908806849313846,5
299,cb_speech,2020-01-25,2020,21,0.8409250175192713,0.35038542396636296,1.1961589781121096,-0.6175749733302016,5
299,cb_speech,2020-01-25,2020,63,0.8409250175192713,0.35038542396636296,2.378366665923335,-0.5686321181576743,5
300,fomc_statement,2020-01-29,2020,21,0.6153846153846154,0.0,1.8070449556171404,-0.5534680036700941,5
300,fomc_statement,2020-01-29,2020,63,0.6153846153846154,0.0,2.0419201447274,-0.5630621655233411,5
301,beige_book,2020-01-31,2020,21,0.5522656198017167,0.013307605296426907,1.6725584389051924,-0.512195207528124,5
301,beige_book,2020-01-31,2020,63,0.5522656198017167,0.013307605296426907,1.6187341385744578,-0.5281760229085982,5
302,cb_speech,2020-02-03,2020,21,0.6512301013024602,0.0,2.0240224862569223,-0.5534779879225689,5
302,cb_speech,2020-02-03,2020,63,0.6512301013024602,0.0,1.641814036994878,-0.5067539673728242,5
303,cb_speech,2020-02-05,2020,21,0.6479481641468683,0.033228110981890685,3.5251594608562242,-0.49256249280367725,5
303,cb_speech,2020-02-05,2020,63,0.6479481641468683,0.033228110981890685,2.0682941623798596,-0.5004658141125401,5
304,cb_speech,2020-02-05,2020,21,1.607403799318071,0.14612761811982464,3.5841232986314564,-0.5102807327494296,5
304,cb_speech,2020-02-05,2020,63,1.607403799318071,0.14612761811982464,2.1032856217493396,-0.5029485282720045,5
305,macro_release,2020-02-13,2020,21,0.017909913136921286,0.008954956568460643,4.1771316279557436,-0.49037735880352545,5
305,macro_release,2020-02-13,2020,63,0.017909913136921286,0.008954956568460643,1.9825782311593987,-0.5109120466507876,5
306,fomc_minutes,2020-02-19,2020,21,0.6809487375669473,0.0612088752869166,3.5418602837183726,-0.47081726190421813,5
306,fomc_minutes,2020-02-19,2020,63,0.6809487375669473,0.0612088752869166,2.0246892852247624,-0.4860465871308409,5
307,macro_release,2022-09-02,2022,21,0.0,0.1125914805779696,0.9796870463808721,0.0830361964011571,5
307,macro_release,2022-09-02,2022,63,0.0,0.1125914805779696,0.8994369117516479,0.06408484132834044,5
308,beige_book,2014-07-31,2014,21,0.4573850959393128,0.06693440428380187,1.048394639596149,-0.6650790058949548,5
308,beige_book,2014-07-31,2014,63,0.4573850959393128,0.06693440428380187,1.279816897711465,-0.6623264836123404,5
309,cb_speech,2014-08-01,2014,21,0.4590984974958264,0.08347245409015025,1.1420789830312834,-0.6215020684450148,5
309,cb_speech,2014-08-01,2014,63,0.4590984974958264,0.08347245409015025,1.3947923011885526,-0.6272060207103873,5
310,cb_speech,2014-08-11,2014,21,0.3731343283582089,1.1727078891257996,1.4741886847667116,-0.6275140691128838,5
310,cb_speech,2014-08-11,2014,63,0.3731343283582089,1.1727078891257996,1.6621206438982736,-0.623088570592228,5
311,cb_speech,2014-08-23,2014,21,0.4844961240310077,0.29069767441860467,1.1527050244873225,-0.6516404189407159,5
311,cb_speech,2014-08-23,2014,63,0.4844961240310077,0.29069767441860467,1.484748760737037,-0.6428228051597206,5
312,cb_speech,2014-08-25,2014,21,0.4413387274733358,0.7171754321441707,1.349156493949169,-0.6343731386376277,5
312,cb_speech,2014-08-25,2014,63,0.4413387274733358,0.7171754321441707,1.462204789862216,-0.644401253534975,5
313,macro_release,2014-09-17,2014,21,0.017053206002728513,0.017053206002728513,1.8929844554497408,-0.6656953150551435,5
313,macro_release,2014-09-17,2014,63,0.017053206002728513,0.017053206002728513,1.4392041222295129,-0.6628663282464521,5
314,cb_speech,2020-02-25,2020,21,0.5366726296958855,0.08944543828264759,2.3226291888150166,-0.37773390793044903,5
314,cb_speech,2020-02-25,2020,63,0.5366726296958855,0.08944543828264759,1.1168039018344353,-0.35355465242280987,5
315,cb_speech,2020-02-27,2020,21,0.8771929824561403,1.3157894736842104,2.2786506676929243,-0.322259457026118,5
315,cb_speech,2020-02-27,2020,63,0.8771929824561403,1.3157894736842104,0.8942075217209423,-0.36331631628954536,5
316,cb_speech,2020-02-27,2020,21,0.45992115637319314,0.1314060446780552,2.3085836580279966,-0.32556510787339366,5
316,cb_speech,2020-02-27,2020,63,0.45992115637319314,0.1314060446780552,0.8168227568899002,-0.32363510871763496,5
317,cb_speech,2020-03-02,2020,21,1.4102564102564104,0.1282051282051282,1.518775588490122,-0.15319707603003438,5
317,cb_speech,2020-03-02,2020,63,1.4102564102564104,0.1282051282051282,0.4885377692970456,-0.17200338716438002,5
318,fomc_statement,2020-03-03,2020,21,1.3793103448275863,0.0,1.5264248887301668,-0.12579563556256462,5
318,fomc_statement,2020-03-03,2020,63,1.3793103448275863,0.0,0.29223573324816754,-0.13561754480838198,5
319,fomc_statement,2014-12-17,2014,21,0.5412719891745602,0.0,1.1569756288653514,-0.34109780391469824,5
319,fomc_statement,2014-12-17,2014,63,0.5412719891745602,0.0,0.7809075171986996,-0.3677204889481497,5
320,macro_release,2014-12-17,2014,21,0.016321201240411295,0.02448180186061694,1.128191895746528,-0.3443392724594787,5
320,macro_release,2014-12-17,2014,63,0.016321201240411295,0.02448180186061694,0.7929549441591988,-0.3629182206480469,5
321,cb_speech,2024-09-12,2024,21,1.4826642335766422,0.18248175182481752,1.2889545656898176,-0.06814091169123289,4
321,cb_speech,2024-09-12,2024,63,1.4826642335766422,0.18248175182481752,1.6283564407886433,0.014792718064815788,2
322,fomc_statement,2024-09-18,2024,21,1.837270341207349,0.0,1.6665897068808646,-0.12289428969854843,4
323,cb_speech,2024-09-30,2024,21,0.17452006980802792,0.058173356602675974,1.9896471719539923,-0.10644751745364098,4
324,fomc_minutes,2024-10-09,2024,21,1.0480610869890703,0.04491690372810301,0.9758145429897862,0.05786214813519865,2
325,macro_release,2024-10-10,2024,21,0.01771322292091046,0.00885661146045523,1.2729339784641098,0.08769856557367599,2
326,cb_speech,2024-10-16,2024,21,0.4799301919720768,0.04363001745200698,1.4455882498714652,0.11032232394342781,2
327,cb_speech,2024-10-21,2024,21,2.296726504751848,0.18479408658922913,0.9132438485695142,0.1006997907160965,2
328,landmark,2024-03-19,2024,21,0.3088326127239036,0.0,1.1359402814083315,-0.19142843293557787,5
328,landmark,2024-03-19,2024,63,0.3088326127239036,0.0,0.4625286137112131,-0.10190243533611798,4
329,cb_speech,2024-07-03,2024,21,0.0,0.0,2.465600776243763,-0.012511238645576572,4
329,cb_speech,2024-07-03,2024,63,0.0,0.0,1.787250562785796,0.014627191139843343,4
330,macro_release,2024-07-11,2024,21,0.02607561929595828,0.00869187309865276,1.5676919290193818,-0.02590520554702347,4
330,macro_release,2024-07-11,2024,63,0.02607561929595828,0.00869187309865276,0.93978540158666,-0.02573296012338981,4
331,positioning_report,2024-07-26,2024,21,0.0,0.0,1.8582148589137628,-0.05806645437993521,4
331,positioning_report,2024-07-26,2024,63,0.0,0.0,0.31496095166926263,-0.08384538020170973,4
332,fomc_statement,2018-03-21,2018,21,0.43478260869565216,0.0,0.5129534754282539,-0.5282027887401659,5
332,fomc_statement,2018-03-21,2018,63,0.43478260869565216,0.0,0.8616790735031703,-0.4979207330353705,5
333,fomc_minutes,2018-05-23,2018,21,0.6150370277394251,0.08786243253420359,0.3269608898672568,-0.5850319507668009,5
333,fomc_minutes,2018-05-23,2018,63,0.6150370277394251,0.08786243253420359,0.48452082042859124,-0.6009536448815683,5
334,macro_release,2018-06-12,2018,21,0.017341541663053846,0.008670770831526923,0.5256191314404066,-0.37855708289903367,5
334,macro_release,2018-06-12,2018,63,0.017341541663053846,0.008670770831526923,0.3161842440540689,-0.4069431677035681,5
335,macro_release,2019-08-13,2019,21,0.017091095539224065,0.008545547769612033,0.5816369771981176,-0.32415870022548937,5
335,macro_release,2019-08-13,2019,63,0.017091095539224065,0.008545547769612033,0.5409681355912763,-0.30767377752672853,5
336,beige_book,2022-01-31,2022,21,1.0580334515965535,0.0886974151039027,0.6533054413872115,-0.3248673597987622,5
336,beige_book,2022-01-31,2022,63,1.0580334515965535,0.0886974151039027,3.04547765399639,-0.33821141171426056,5
337,macro_release,2022-02-10,2022,21,0.019370460048426148,0.019370460048426148,1.2263218973753918,-0.2627774049431298,5
337,macro_release,2022-02-10,2022,63,0.019370460048426148,0.019370460048426148,2.5026261072531826,-0.2723941767262746,5
338,fomc_minutes,2022-02-16,2022,21,0.6708907938874394,0.1341781587774879,1.2201317702601622,-0.2665382632389776,5
338,fomc_minutes,2022-02-16,2022,63,0.6708907938874394,0.1341781587774879,2.627537232847691,-0.2942687405216927,5
339,cb_speech,2022-02-17,2022,21,0.6472491909385114,0.09957679860592482,1.5980500706688296,-0.24314057790197677,5
339,cb_speech,2022-02-17,2022,63,0.6472491909385114,0.09957679860592482,2.339523060796674,-0.22875633153046038,5
340,fomc_statement,2021-11-03,2021,21,0.7974481658692184,0.0,1.2433647407161175,-0.5430429329316233,5
340,fomc_statement,2021-11-03,2021,63,0.7974481658692184,0.0,1.4635619702706737,-0.5315949073446727,5
341,macro_release,2021-12-10,2021,21,0.03227888960619754,0.12911555842479017,0.8376881231321205,-0.29970789987307145,5
341,macro_release,2021-12-10,2021,63,0.03227888960619754,0.12911555842479017,1.9470365623429788,-0.30365951560254756,5
342,beige_book,2021-12-31,2021,21,0.8491761723700888,0.08871989860583017,1.4518685157235585,-0.4817536109568767,5
342,beige_book,2021-12-31,2021,63,0.8491761723700888,0.08871989860583017,2.7862781296142027,-0.49998384791292205,5
343,fomc_minutes,2022-01-05,2022,21,0.77063041849513,0.09632880231189125,1.5152122243186728,-0.4756580586770996,5
343,fomc_minutes,2022-01-05,2022,63,0.77063041849513,0.09632880231189125,2.958831242469198,-0.48886349498692405,5
344,cb_speech,2011-06-14,2011,21,0.5203405865657522,0.4257332071901609,0.46582388731215624,-0.28536647542220844,5
344,cb_speech,2011-06-14,2011,63,0.5203405865657522,0.4257332071901609,1.2588131652114014,-0.2816581411729327,5
345,fomc_statement,2011-06-22,2011,21,0.43668122270742354,0.0,0.37280260388033887,-0.28943597415293165,5
345,fomc_statement,2011-06-22,2011,63,0.43668122270742354,0.0,1.0640080193780228,-0.28202894572231496,5
346,cb_speech,2011-06-29,2011,21,0.8387502621094569,0.5032501572656741,0.7358316134739604,-0.2464539592941748,5
346,cb_speech,2011-06-29,2011,63,0.8387502621094569,0.5032501572656741,1.1986442607269556,-0.2301713930978034,5
347,beige_book,2011-06-30,2011,21,0.5126471748070531,0.08450228156160217,0.9920019447519239,-0.26422119166700714,5
347,beige_book,2011-06-30,2011,63,0.5126471748070531,0.08450228156160217,1.2895512044599413,-0.2501904890900605,5
348,cb_speech,2011-07-08,2011,21,0.6014341892204488,0.5551700208188758,1.604714000039793,-0.159842474999984,5
348,cb_speech,2011-07-08,2011,63,0.6014341892204488,0.5551700208188758,1.2333805320204199,-0.20128491791488284,5
349,fomc_minutes,2011-07-13,2011,21,0.7696462327842291,0.08101539292465569,1.2763825671725697,-0.17937660848285458,5
349,fomc_minutes,2011-07-13,2011,63,0.7696462327842291,0.08101539292465569,0.6851580648299886,-0.20018004551468346,5
350,macro_release,2011-07-15,2011,21,0.016923337282112032,0.0507700118463361,1.4481278521807788,-0.26605721431007184,5
350,macro_release,2011-07-15,2011,63,0.016923337282112032,0.0507700118463361,0.6841580049196995,-0.23262719580216057,5
351,cb_speech,2011-07-19,2011,21,0.2653301886792453,0.6780660377358491,1.5400187234464675,-0.23515450929423828,5
351,cb_speech,2011-07-19,2011,63,0.2653301886792453,0.6780660377358491,0.7841658384486774,-0.21070580957756543,5
352,macro_release,2022-09-13,2022,21,0.018705574261129815,0.009352787130564907,1.205197791481125,0.12482546862248341,5
352,macro_release,2022-09-13,2022,63,0.018705574261129815,0.009352787130564907,0.7671025182067465,0.1372474172283181,5
353,fomc_statement,2022-09-21,2022,21,1.5060240963855422,0.0,0.8631474172156655,0.10653057389018408,5
353,fomc_statement,2022-09-21,2022,63,1.5060240963855422,0.0,0.9043417719656232,0.12900960056580177,5
354,landmark,2022-09-22,2022,21,0.8008970046452026,0.08008970046452026,0.7707067955609624,0.16910967958198314,5
354,landmark,2022-09-22,2022,63,0.8008970046452026,0.08008970046452026,0.9412648660008293,0.15750264949553677,5
355,fomc_statement,2020-09-16,2020,21,0.5357142857142857,0.17857142857142858,0.4896714735658655,-0.279722157762606,5
355,fomc_statement,2020-09-16,2020,63,0.5357142857142857,0.17857142857142858,0.7732958213730917,-0.2826087337792124,5
356,beige_book,2020-09-30,2020,21,0.6085444610034774,0.07451564828614009,0.5884026431286,-0.33940073580806324,5
356,beige_book,2020-09-30,2020,63,0.6085444610034774,0.07451564828614009,0.9628319493991079,-0.302403027247922,5
357,beige_book,2020-10-21,2020,21,0.6960845245494096,0.0870105655686762,0.3732337446038114,-0.31570226557410486,5
357,beige_book,2020-10-21,2020,63,0.6960845245494096,0.0870105655686762,0.6367607570360181,-0.36744482991051175,5
358,corporate_8k,2020-10-27,2020,21,0.3766686977233701,0.038774718883288095,0.46031514915261446,-0.36956566731844587,5
358,corporate_8k,2020-10-27,2020,63,0.3766686977233701,0.038774718883288095,0.6311367590745558,-0.3617506984413474,5
359,corporate_8k,2020-10-29,2020,21,0.48812957621477704,0.04437541601952519,0.8093377114671488,-0.30461848467941355,5
359,corporate_8k,2020-10-29,2020,63,0.48812957621477704,0.04437541601952519,0.7659485823707699,-0.3045191142903232,5
360,cb_speech,2008-07-08,2008,21,0.994180407371484,0.38797284190106696,0.5951402812366553,0.17160539489217058,5
360,cb_speech,2008-07-08,2008,63,0.994180407371484,0.38797284190106696,1.4279042213784277,0.17246653233040887,5
361,cb_speech,2008-07-15,2008,21,1.0594668489405332,0.30758714969241285,1.3157137375562291,0.06544790589763617,5
361,cb_speech,2008-07-15,2008,63,1.0594668489405332,0.30758714969241285,1.6053264677151724,0.09567399902052696,5
362,fomc_statement,2008-08-05,2008,21,2.0080321285140563,0.0,1.1208270132152698,0.11662588496865131,5
362,fomc_statement,2008-08-05,2008,63,2.0080321285140563,0.0,1.9935480469277063,0.12225265236973529,5
363,fomc_minutes,2008-08-26,2008,21,1.37524557956778,0.19646365422396855,0.5373928098333852,0.142447177061246,5
363,fomc_minutes,2008-08-26,2008,63,1.37524557956778,0.19646365422396855,2.4592856223402917,0.1344185580450298,5
364,cb_speech,2008-09-01,2008,21,1.136076748295885,0.7321383489017925,0.9781593176606016,0.10432796469809313,5
364,cb_speech,2008-09-01,2008,63,1.136076748295885,0.7321383489017925,2.6326637594623477,0.11360409054717835,5
365,beige_book,2008-09-03,2008,21,0.5758277523940665,0.03129498654315579,1.25252816451275,0.14439185689602327,5
365,beige_book,2008-09-03,2008,63,0.5758277523940665,0.03129498654315579,2.6868048162131855,0.11726168124648029,5
366,cb_speech,2008-09-08,2008,21,0.5185185185185185,0.1111111111111111,1.8985305154413854,0.1181917572533017,5
366,cb_speech,2008-09-08,2008,63,0.5185185185185185,0.1111111111111111,2.249788263684916,0.15184989407635194,5
367,cb_speech,2014-11-23,2014,21,0.13621327106440942,0.13621327106440942,0.7494834851399044,-0.5470643417979145,5
367,cb_speech,2014-11-23,2014,63,0.13621327106440942,0.13621327106440942,0.8233310646436317,-0.5399448816973662,5
368,cb_speech,2014-12-01,2014,21,0.5909389363099147,0.0,0.8981845265657811,-0.5281934659810623,5
368,cb_speech,2014-12-01,2014,63,0.5909389363099147,0.0,0.8816281047328989,-0.514444584401645,5
369,beige_book,2015-10-31,2015,21,0.5033454054385857,0.08593702044073415,0.6670775359864172,-0.23050260669305053,5
369,beige_book,2015-10-31,2015,63,0.5033454054385857,0.08593702044073415,0.7220805107212576,-0.22536882536055938,5
370,cb_speech,2015-11-16,2015,21,0.42294475284166005,0.26434047052603754,0.5489590696428774,-0.2707461708219679,5
370,cb_speech,2015-11-16,2015,63,0.42294475284166005,0.26434047052603754,1.4635352633396987,-0.2574147371339911,5
371,fomc_minutes,2015-11-18,2015,21,0.8010012515644556,0.10012515644555695,0.6251310380397002,-0.2626695865962072,5
371,fomc_minutes,2015-11-18,2015,63,0.8010012515644556,0.10012515644555695,1.4260265906924765,-0.23300937477186157,5
372,cb_speech,2015-11-19,2015,21,0.14947683109118087,0.2242152466367713,0.5959920323011497,-0.2728429066327614,5
372,cb_speech,2015-11-19,2015,63,0.14947683109118087,0.2242152466367713,1.3970475457168348,-0.2745613162429661,5
373,cb_speech,2015-11-20,2015,21,0.2469643959662482,0.30870549495781024,0.6481308013472017,-0.25765060763606545,5
373,cb_speech,2015-11-20,2015,63,0.2469643959662482,0.30870549495781024,1.4548287618749973,-0.2704958331669137,5
374,cb_speech,2015-11-20,2015,21,0.8087091757387248,0.34214618973561434,0.6496573833900533,-0.2319933153233987,5
374,cb_speech,2015-11-20,2015,63,0.8087091757387248,0.34214618973561434,1.4397407172723593,-0.2585756591808961,5
375,fomc_statement,2015-12-16,2015,21,0.33333333333333337,0.0,1.1186902284361646,-0.19612572175187457,5
375,fomc_statement,2015-12-16,2015,63,0.33333333333333337,0.0,1.1280007459417092,-0.21471072738832175,5
376,fomc_minutes,2020-01-03,2020,21,0.7834757834757835,0.1899335232668566,0.6150409957582135,-0.5381448620653134,5
376,fomc_minutes,2020-01-03,2020,63,0.7834757834757835,0.1899335232668566,2.801702509532286,-0.5346854886403316,5
377,corporate_8k,2020-02-18,2020,21,1.3980263157894737,0.08223684210526315,3.2818654968251977,-0.4881736040160834,5
377,corporate_8k,2020-02-18,2020,63,1.3980263157894737,0.08223684210526315,1.8633596857835073,-0.5127764719223844,5
378,macro_release,2020-02-07,2020,21,0.0,0.12368583797155226,4.172600687910606,-0.4987507968980142,5
378,macro_release,2020-02-07,2020,63,0.0,0.12368583797155226,1.9499626056764297,-0.492542755279732,5
379,macro_release,2020-03-06,2020,21,0.0,0.1096163428001993,1.3244129815589163,-0.09672372407767503,5
379,macro_release,2020-03-06,2020,63,0.0,0.1096163428001993,0.47784714864603633,-0.0956591872168232,5
380,landmark,2020-03-15,2020,21,0.5649717514124294,0.0,0.3801240859200835,0.08238559014545031,5
380,landmark,2020-03-15,2020,63,0.5649717514124294,0.0,0.4343704762771713,0.08805474624285078,5
381,fomc_statement,2020-03-23,2020,21,0.16286644951140067,0.0,0.7610015089344089,0.19044407216621778,5
381,fomc_statement,2020-03-23,2020,63,0.16286644951140067,0.0,0.8887330923935124,0.19317291415598997,5
382,macro_release,2022-05-11,2022,21,0.018724838498267952,0.02808725774740193,0.7196581174650842,-0.042212016429602296,5
382,macro_release,2022-05-11,2022,63,0.018724838498267952,0.02808725774740193,0.3722049714711081,-0.014520996107479945,5
383,macro_release,2022-04-12,2022,21,0.01909307875894988,0.01909307875894988,1.1508616203852784,-0.07373025800643716,5
383,macro_release,2022-04-12,2022,63,0.01909307875894988,0.01909307875894988,1.2877276323858065,-0.07269765940063654,5
384,cb_speech,2022-02-07,2022,21,0.7566204287515763,0.18915510718789408,1.0889508330942406,-0.3003314805152739,5
384,cb_speech,2022-02-07,2022,63,0.7566204287515763,0.18915510718789408,2.891830222757581,-0.2953321985009044,5
385,cb_speech,2022-02-14,2022,21,0.15220700152207,0.0,1.1634199382030317,-0.23219629333356662,5
385,cb_speech,2022-02-14,2022,63,0.15220700152207,0.0,2.415957403090546,-0.23752735428612798,5
386,cb_speech,2022-02-14,2022,21,0.65237651444548,0.09319664492078285,1.1182572274132176,-0.21676629776862105,5
386,cb_speech,2022-02-14,2022,63,0.65237651444548,0.09319664492078285,2.3607784821739335,-0.22094580985710938,5
387,macro_release,2008-09-05,2008,21,0.0,0.07275372862859221,1.7249489430157154,0.1626692188227355,5
387,macro_release,2008-09-05,2008,63,0.0,0.07275372862859221,2.0923836997700893,0.16064484205287116,5
388,macro_release,2008-08-14,2008,21,0.017111567419575632,0.051334702258726904,1.2803074926210045,0.14009304557892227,5
388,macro_release,2008-08-14,2008,63,0.017111567419575632,0.051334702258726904,2.0975076848825744,0.1448855596691077,5
389,cb_speech,2016-03-02,2016,21,1.5222806531967894,0.35981179075560477,0.6533247793262239,-0.015302118736895359,5
389,cb_speech,2016-03-02,2016,63,1.5222806531967894,0.35981179075560477,0.43557328772510007,-0.08727901547945734,5
390,cb_speech,2016-03-30,2016,21,0.6654567453115547,0.24198427102238357,0.31466337516757314,-0.16096937618615445,5
390,cb_speech,2016-03-30,2016,63,0.6654567453115547,0.24198427102238357,0.7844517001672634,-0.16389574302192894,5
391,fomc_statement,2016-04-27,2016,21,0.17064846416382254,0.0,0.23765438176767922,-0.3251856215156363,5
391,fomc_statement,2016-04-27,2016,63,0.17064846416382254,0.0,0.7040290060115855,-0.32020619314478316,5
392,fomc_minutes,2016-05-18,2016,21,0.9120521172638436,0.05428881650380022,0.8550613961404077,-0.23442963207170847,5
392,fomc_minutes,2016-05-18,2016,63,0.9120521172638436,0.05428881650380022,0.7944158233020284,-0.2349991750135934,5
393,beige_book,2016-07-31,2016,21,0.5422392014295397,0.07394170928584633,0.39844030983237716,-0.2658872354801234,5
393,beige_book,2016-07-31,2016,63,0.5422392014295397,0.07394170928584633,0.6888020373016481,-0.23445096648804623,5
394,cb_speech,2016-08-01,2016,21,1.089108910891089,0.24752475247524752,0.3639859505838473,-0.25844431234947796,5
394,cb_speech,2016-08-01,2016,63,1.089108910891089,0.24752475247524752,0.6330517652747129,-0.2804260721864319,5
395,cb_speech,2016-08-04,2016,21,0.7826475849731663,0.08944543828264759,0.6373411754690678,-0.30200143523598644,5
395,cb_speech,2016-08-04,2016,63,0.7826475849731663,0.08944543828264759,0.5516292987606602,-0.2903144035034157,5
396,fomc_minutes,2016-08-17,2016,21,0.8253905866168812,0.2063476466542203,0.48692531193291655,-0.2921385515358354,5
396,fomc_minutes,2016-08-17,2016,63,0.8253905866168812,0.2063476466542203,1.2919917686740985,-0.28924371499106416,5
397,cb_speech,2016-08-21,2016,21,0.4547333608929309,0.28937577511368334,0.5172129817784191,-0.2909098817682308,5
397,cb_speech,2016-08-21,2016,63,0.4547333608929309,0.28937577511368334,1.4465032172253898,-0.25344592812616085,5
398,cb_speech,2016-09-03,2016,21,0.4171632896305125,0.17878426698450536,0.27845125098405443,-0.3655849889760493,5
398,cb_speech,2016-09-03,2016,63,0.4171632896305125,0.17878426698450536,1.4759278847519437,-0.33531238984089995,5
399,landmark,2021-09-22,2021,21,0.7692307692307693,0.19230769230769232,1.9406489710074488,-0.7619810272415534,5
399,landmark,2021-09-22,2021,63,0.7692307692307693,0.19230769230769232,1.6349859301030765,-0.7350928528389727,5
400,beige_book,2021-10-31,2021,21,0.9828788839568802,0.08243500317057705,0.745436060257466,-0.5237465100198772,5
400,beige_book,2021-10-31,2021,63,0.9828788839568802,0.08243500317057705,1.4591335618507901,-0.5377400931954257,5
401,fomc_minutes,2021-11-24,2021,21,1.0895883777239708,0.12106537530266344,0.6971873991125729,-0.4709413035053311,5
401,fomc_minutes,2021-11-24,2021,63,1.0895883777239708,0.12106537530266344,1.5136487367732792,-0.45444399868664453,5
402,cb_speech,2007-06-01,2007,21,1.160541586073501,0.23210831721470018,0.45901127287513477,-0.49209677494975157,5
402,cb_speech,2007-06-01,2007,63,1.160541586073501,0.23210831721470018,1.7209280624271877,-0.5056667947642366,5
403,cb_speech,2007-06-05,2007,21,0.9735744089012517,0.11126564673157163,0.45980977908975734,-0.5224175047408212,5
403,cb_speech,2007-06-05,2007,63,0.9735744089012517,0.11126564673157163,1.63162312120878,-0.4934621481453728,5
404,cb_speech,2007-06-05,2007,21,0.5589430894308943,0.35569105691056907,0.4605149780807897,-0.519304853030214,5
404,cb_speech,2007-06-05,2007,63,0.5589430894308943,0.35569105691056907,1.6299524479936873,-0.5094520645655283,5
405,cb_speech,2007-06-07,2007,21,0.26975563313233897,0.15867978419549347,0.5762439877568746,-0.4421445566910326,5
405,cb_speech,2007-06-07,2007,63,0.26975563313233897,0.15867978419549347,1.6247666819712958,-0.4460296184424696,5
406,beige_book,2007-06-13,2007,21,0.4783761070528153,0.03878725192320124,0.8492963546393598,-0.399293603846033,5
406,beige_book,2007-06-13,2007,63,0.4783761070528153,0.03878725192320124,2.306175392137015,-0.4185721165949948,5
407,fomc_statement,2007-06-28,2007,21,2.185792349726776,0.0,1.5051027987042154,-0.3449445580420451,5
407,fomc_statement,2007-06-28,2007,63,2.185792349726776,0.0,1.721622961417681,-0.355614565534189,5
408,fomc_minutes,2007-07-19,2007,21,0.7388092133854846,0.0651890482398957,2.5346569228660587,-0.3087320638915789,5
408,fomc_minutes,2007-07-19,2007,63,0.7388092133854846,0.0651890482398957,1.3151044295675258,-0.31658244657993745,5
409,positioning_report,2007-07-20,2007,21,0.0,0.0,2.2398692714775073,-0.27593833724069805,5
409,positioning_report,2007-07-20,2007,63,0.0,0.0,1.2745482743235432,-0.2823401080649222,5
410,landmark,2024-07-31,2024,21,0.0687757909215956,0.0,1.3747669319105018,-0.08501681814353704,4
410,landmark,2024-07-31,2024,63,0.0687757909215956,0.0,0.27536253148616063,-0.0737118361205113,4
411,fomc_statement,2009-01-28,2009,21,0.8281573498964804,0.0,1.1179181986225404,0.4159584138945872,5
411,fomc_statement,2009-01-28,2009,63,0.8281573498964804,0.0,0.6335785151603656,0.3677945813969611,5
412,cb_speech,2009-02-11,2009,21,1.3468013468013467,0.5941770647653001,0.7326641457779102,0.3460403983872464,5
412,cb_speech,2009-02-11,2009,63,1.3468013468013467,0.5941770647653001,0.7540974014167707,0.3521890432236657,5
413,fomc_minutes,2009-02-18,2009,21,0.5326107269669221,0.2616333395626986,0.5035629323149557,0.42647687714863214,5
413,fomc_minutes,2009-02-18,2009,63,0.5326107269669221,0.2616333395626986,0.74015148769736,0.4082770731900959,5
414,cb_speech,2009-02-19,2009,21,0.5360972122944961,0.3454848701453419,0.5445586776067117,0.40840340317716983,5
414,cb_speech,2009-02-19,2009,63,0.5360972122944961,0.3454848701453419,0.716096443767287,0.38454594024631433,5
415,beige_book,2009-03-04,2009,21,0.6002258275390742,0.16639923931776313,0.8004273208764655,0.3893482959009435,5
415,beige_book,2009-03-04,2009,63,0.6002258275390742,0.16639923931776313,1.084633517249316,0.3602978507219083,5
416,macro_release,2009-03-06,2009,21,0.0,0.12272950417280314,0.9700495881606415,0.3858321162908517,5
416,macro_release,2009-03-06,2009,63,0.0,0.12272950417280314,1.2588282784997236,0.3800360445575802,5
417,cb_speech,2020-02-06,2020,21,0.5994005994005994,0.0,4.656173919796865,-0.5340656153146258,5
417,cb_speech,2020-02-06,2020,63,0.5994005994005994,0.0,2.253079693389928,-0.5282539055082236,5
418,positioning_report,2020-02-28,2020,21,0.0,0.0,1.353546045709638,-0.2503015287803789,5
418,positioning_report,2020-02-28,2020,63,0.0,0.0,0.48606882066144647,-0.21231852680580757,5
419,beige_book,2018-10-31,2018,21,0.6358036956089808,0.05298364130074839,0.5147006572101926,-0.4495602823760188,5
419,beige_book,2018-10-31,2018,63,0.6358036956089808,0.05298364130074839,1.1554891826857558,-0.4312893480147625,5
420,macro_release,2018-11-02,2018,21,0.0,0.1227621483375959,0.9353638202747068,-0.4333574607419946,5
420,macro_release,2018-11-02,2018,63,0.0,0.1227621483375959,1.3148855490466078,-0.459825605676761,5
421,fomc_statement,2018-11-08,2018,21,0.6309148264984227,0.0,1.2774292284188429,-0.4554623531201871,5
421,fomc_statement,2018-11-08,2018,63,0.6309148264984227,0.0,1.3635984221753252,-0.43437864326504033,5
422,macro_release,2018-11-14,2018,21,0.017705382436260624,0.008852691218130312,0.9462776398025745,-0.44571820873553847,5
422,macro_release,2018-11-14,2018,63,0.017705382436260624,0.008852691218130312,1.0909350143167627,-0.43766486563019524,5
423,cb_speech,2018-11-28,2018,21,1.2544428183148653,1.0662763955676355,2.138370285645617,-0.46926476086758495,5
423,cb_speech,2018-11-28,2018,63,1.2544428183148653,1.0662763955676355,0.9319458773613866,-0.47729743117451023,5
424,fomc_minutes,2018-11-29,2018,21,0.9946627850557981,0.13343037360504612,2.204219878347535,-0.48475655393177863,5
424,fomc_minutes,2018-11-29,2018,63,0.9946627850557981,0.13343037360504612,0.9102750300362816,-0.470938438974573,5
425,fomc_statement,2008-12-16,2008,21,0.9876543209876543,0.0,0.4068140282962932,0.5208520565412705,5
425,fomc_statement,2008-12-16,2008,63,0.9876543209876543,0.0,0.5499006299042696,0.5156860911579452,5
426,fomc_minutes,2009-01-06,2009,21,0.9279182356105433,0.4168908015061861,0.8436318428162988,0.4475252308808299,5
426,fomc_minutes,2009-01-06,2009,63,0.9279182356105433,0.4168908015061861,0.6195604037219075,0.4203481796764931,5
427,beige_book,2009-01-14,2009,21,0.5536373377783069,0.17859268960590546,0.789371476247985,0.4095878136379657,5
427,beige_book,2009-01-14,2009,63,0.5536373377783069,0.17859268960590546,0.8434755642103646,0.41386554706159695,5
428,macro_release,2009-01-16,2009,21,0.01264702162640698,0.02529404325281396,0.7849805019719699,0.4006074287793064,5
428,macro_release,2009-01-16,2009,63,0.01264702162640698,0.02529404325281396,0.7226329512248858,0.4183103055883228,5
429,cb_speech,2007-06-26,2007,21,0.19282684149633628,0.19282684149633628,1.367310456752946,-0.35725059086078287,5
429,cb_speech,2007-06-26,2007,63,0.19282684149633628,0.19282684149633628,1.6336333480870682,-0.373695997094775,5
430,beige_book,2017-11-30,2017,21,0.4680395827761434,0.02674511901577962,0.3801525961149937,-0.5827204432456554,5
430,beige_book,2017-11-30,2017,63,0.4680395827761434,0.02674511901577962,1.2766071878708003,-0.5903066894379737,5
431,fomc_statement,2017-12-13,2017,21,0.6036217303822937,0.0,1.458608223804068,-0.5578606326923101,5
431,fomc_statement,2017-12-13,2017,63,0.6036217303822937,0.0,1.47546132477291,-0.5728088569156917,5
432,fomc_minutes,2018-01-03,2018,21,0.6932173440260976,0.08155498165012913,1.566534825814557,-0.613224155931729,5
432,fomc_minutes,2018-01-03,2018,63,0.6932173440260976,0.08155498165012913,1.2701369566601173,-0.6142472725304161,5
433,macro_release,2018-01-05,2018,21,0.0,0.10453292787227977,1.616277713802615,-0.6206760020318057,5
433,macro_release,2018-01-05,2018,63,0.0,0.10453292787227977,1.129949703503493,-0.6228838106357246,5
434,cb_speech,2018-01-11,2018,21,0.6825075834175935,0.3538928210313448,1.5369307211004866,-0.6160790784787947,5
434,cb_speech,2018-01-11,2018,63,0.6825075834175935,0.3538928210313448,1.1258459875874443,-0.6001483167412562,5
435,macro_release,2018-01-12,2018,21,0.016404199475065617,0.016404199475065617,1.4884874665090517,-0.6074966388162985,5
435,macro_release,2018-01-12,2018,63,0.016404199475065617,0.016404199475065617,1.1075005322722888,-0.6022011501053273,5
436,cb_speech,2018-01-25,2018,21,0.516795865633075,0.0,1.1598785437903671,-0.561778386111183,5
436,cb_speech,2018-01-25,2018,63,0.516795865633075,0.0,1.276804689508485,-0.554762150285377,5
437,beige_book,2023-01-31,2023,21,0.6959247648902821,0.16300940438871472,1.1397460656241925,0.1821284344085435,5
437,beige_book,2023-01-31,2023,63,0.6959247648902821,0.16300940438871472,0.44843482434033366,0.20351310732167588,5
438,fomc_statement,2023-02-01,2023,21,1.10803324099723,0.0,1.2081758558057238,0.19394463754566907,5
438,fomc_statement,2023-02-01,2023,63,1.10803324099723,0.0,0.3850876236013756,0.1861888972576629,5
439,macro_release,2023-02-14,2023,21,0.018520233354940272,0.009260116677470136,0.8193901903340979,0.14613980839056542,5
439,macro_release,2023-02-14,2023,63,0.018520233354940272,0.009260116677470136,0.6550787908399951,0.14762655388931206,5
440,fomc_minutes,2023-02-22,2023,21,0.9460083064143978,0.12690355329949238,1.513740766257109,0.1166665676526291,5
440,fomc_minutes,2023-02-22,2023,63,0.9460083064143978,0.12690355329949238,0.6965765658601031,0.11050572921964663,5
441,cb_speech,2023-03-07,2023,21,0.353045013239188,0.0,1.9821632868235501,0.10104220923789009,5
441,cb_speech,2023-03-07,2023,63,0.353045013239188,0.0,0.8189040171997639,0.10283045889864399,5
442,corporate_8k,2023-03-08,2023,21,0.44493882091212456,0.0,2.1575608889089697,0.0655450707537226,5
442,corporate_8k,2023-03-08,2023,63,0.44493882091212456,0.0,0.8504190405668715,0.08391218278932992,5
443,corporate_8k,2023-03-08,2023,21,0.5933739904400857,0.09889566507334763,2.237214146686253,0.03800509904064147,5
443,corporate_8k,2023-03-08,2023,63,0.5933739904400857,0.09889566507334763,0.891252677627867,0.04482122074853886,5
444,beige_book,2013-03-31,2013,21,0.6062987705608264,0.022455510020771348,0.8408833140285508,-0.661818367085215,5
444,beige_book,2013-03-31,2013,63,0.6062987705608264,0.022455510020771348,0.8282130048941669,-0.6458070674902454,5
445,macro_release,2013-04-16,2013,21,0.01726817475392851,0.01726817475392851,0.9733260115868079,-0.5099200564248184,5
445,macro_release,2013-04-16,2013,63,0.01726817475392851,0.01726817475392851,0.8689414932467523,-0.4852459467583784,5
